date,open,high,low,close,volume
2021-09-17,15.100000381469727,15.100000381469727,14.699999809265137,14.699999809265137,17
2021-09-20,14.899999618530273,14.899999618530273,14.600000381469727,14.600000381469727,556
2021-09-21,14.300000190734863,14.300000190734863,13.899999618530273,14.199999809265137,2259
2021-09-22,14.199999809265137,14.600000381469727,14.199999809265137,14.600000381469727,672
2021-09-23,14.5,14.5,14.399999618530273,14.5,442
2021-09-24,14.600000381469727,14.600000381469727,14.600000381469727,14.600000381469727,3
2021-09-27,14.600000381469727,14.600000381469727,14.600000381469727,14.600000381469727,202
2021-09-28,14.5,14.800000190734863,14.5,14.5,248
2021-09-29,14.699999809265137,14.699999809265137,14.100000381469727,14.699999809265137,46
2021-09-30,14.699999809265137,14.800000190734863,14.699999809265137,14.800000190734863,60
2021-10-01,15.0,15.600000381469727,14.300000190734863,15.0,2778
2021-10-04,15.0,15.399999618530273,15.0,15.399999618530273,507
2021-10-05,15.399999618530273,15.5,15.0,15.100000381469727,2062
2021-10-06,15.100000381469727,15.199999809265137,15.100000381469727,15.199999809265137,20
2021-10-07,15.100000381469727,15.199999809265137,14.5,15.199999809265137,430
2021-10-08,15.300000190734863,15.300000190734863,15.0,15.100000381469727,1186
2021-10-11,15.0,15.0,14.699999809265137,14.699999809265137,56
2021-10-12,14.699999809265137,15.199999809265137,14.699999809265137,15.100000381469727,200
2021-10-13,15.100000381469727,15.100000381469727,14.5,15.100000381469727,314
2021-10-14,15.100000381469727,15.100000381469727,14.800000190734863,14.800000190734863,330
2021-10-15,15.100000381469727,15.100000381469727,15.0,15.0,210
2021-10-18,15.100000381469727,15.100000381469727,15.100000381469727,15.100000381469727,255
2021-10-19,15.100000381469727,15.100000381469727,15.100000381469727,15.100000381469727,10
2021-10-20,15.100000381469727,15.100000381469727,15.0,15.0,210
2021-10-21,15.0,15.100000381469727,14.600000381469727,15.100000381469727,272
2021-10-22,15.100000381469727,15.100000381469727,15.100000381469727,15.100000381469727,10
2021-10-25,15.0,15.0,15.0,15.0,10
2021-10-26,15.0,15.0,15.0,15.0,15
2021-10-27,15.0,15.0,15.0,15.0,10
2021-10-28,15.0,15.0,14.600000381469727,14.600000381469727,153
2021-10-29,15.0,15.0,14.600000381469727,15.0,245
2021-11-02,15.0,15.0,15.0,15.0,310
2021-11-03,15.0,15.0,15.0,15.0,10
2021-11-04,15.0,15.0,14.5,15.0,777
2021-11-05,15.0,15.0,14.600000381469727,14.600000381469727,446
2021-11-08,14.899999618530273,14.899999618530273,14.899999618530273,14.899999618530273,13
2021-11-09,14.899999618530273,15.0,14.899999618530273,14.899999618530273,316
2021-11-10,15.0,15.0,15.0,15.0,65
2021-11-12,15.0,15.0,15.0,15.0,2
2021-11-15,15.0,15.0,14.600000381469727,14.600000381469727,71
2021-11-16,14.899999618530273,14.899999618530273,14.899999618530273,14.899999618530273,63
2021-11-17,15.0,15.0,14.5,14.5,95
2021-11-18,15.0,15.0,15.0,15.0,10
2021-11-19,14.800000190734863,14.800000190734863,14.5,14.699999809265137,729
2021-11-22,14.699999809265137,14.699999809265137,14.100000381469727,14.600000381469727,57
2021-11-23,14.600000381469727,14.600000381469727,14.5,14.600000381469727,51
2021-11-24,14.600000381469727,14.600000381469727,14.600000381469727,14.600000381469727,2
2021-11-25,14.600000381469727,14.600000381469727,14.199999809265137,14.600000381469727,366
2021-11-26,14.600000381469727,14.600000381469727,14.600000381469727,14.600000381469727,0
2021-11-29,14.300000190734863,14.300000190734863,14.100000381469727,14.300000190734863,154
2021-11-30,14.300000190734863,14.300000190734863,14.100000381469727,14.100000381469727,1742
2021-12-01,14.100000381469727,14.100000381469727,14.0,14.0,714
2021-12-02,13.100000381469727,14.0,13.100000381469727,14.0,1221
2021-12-03,14.0,14.0,13.600000381469727,13.600000381469727,1852
2021-12-06,14.0,14.0,13.5,14.0,239
2021-12-07,14.0,14.0,14.0,14.0,10
2021-12-08,14.0,14.0,14.0,14.0,10
2021-12-09,13.899999618530273,13.899999618530273,13.800000190734863,13.800000190734863,80
2021-12-10,13.899999618530273,14.0,13.899999618530273,14.0,19
2021-12-13,14.0,14.0,14.0,14.0,10
2021-12-14,14.0,14.0,14.0,14.0,10
2021-12-15,14.0,14.0,13.5,13.5,255
2021-12-16,13.600000381469727,14.0,13.600000381469727,14.0,2
2021-12-17,14.0,14.0,14.0,14.0,2
2021-12-20,14.0,14.0,14.0,14.0,0
2021-12-21,14.0,14.0,13.800000190734863,13.800000190734863,6
2021-12-22,14.0,14.0,14.0,14.0,2
2021-12-23,14.0,14.0,13.199999809265137,13.199999809265137,302
2021-12-27,14.0,14.0,14.0,14.0,2
2021-12-28,14.0,14.0,13.0,13.100000381469727,2151
2021-12-29,13.5,13.5,13.199999809265137,13.199999809265137,55
2021-12-30,13.5,13.5,13.5,13.5,370
2022-01-03,13.899999618530273,14.699999809265137,13.600000381469727,14.699999809265137,46662
2022-01-04,14.699999809265137,16.100000381469727,14.699999809265137,15.399999618530273,6442
2022-01-05,15.0,15.699999809265137,15.0,15.699999809265137,69294
2022-01-07,15.800000190734863,16.899999618530273,15.5,16.899999618530273,1417
2022-01-10,16.899999618530273,18.0,16.899999618530273,17.899999618530273,4091
2022-01-11,17.899999618530273,17.899999618530273,17.299999237060547,17.799999237060547,55
2022-01-12,17.799999237060547,17.799999237060547,16.799999237060547,16.799999237060547,2636
2022-01-13,17.299999237060547,17.299999237060547,17.100000381469727,17.200000762939453,518
2022-01-14,17.200000762939453,17.200000762939453,17.200000762939453,17.200000762939453,220
2022-01-17,15.600000381469727,17.299999237060547,15.600000381469727,17.299999237060547,2511
2022-01-18,17.299999237060547,17.700000762939453,17.299999237060547,17.700000762939453,1529
2022-01-19,17.799999237060547,17.799999237060547,17.799999237060547,17.799999237060547,3018
2022-01-20,17.799999237060547,17.799999237060547,17.5,17.799999237060547,369
2022-01-21,17.799999237060547,17.799999237060547,17.200000762939453,17.700000762939453,1977
2022-01-24,17.700000762939453,17.700000762939453,16.200000762939453,16.299999237060547,4985
2022-01-25,16.200000762939453,17.200000762939453,16.200000762939453,17.200000762939453,1256
2022-01-26,17.600000381469727,17.600000381469727,17.600000381469727,17.600000381469727,10
2022-01-27,17.600000381469727,17.600000381469727,17.600000381469727,17.600000381469727,10
2022-01-28,17.100000381469727,17.100000381469727,16.399999618530273,16.399999618530273,1497
2022-01-31,17.100000381469727,17.100000381469727,16.899999618530273,17.0,310
2022-02-01,17.0,17.0,16.899999618530273,17.0,300
2022-02-02,17.0,17.0,16.5,16.5,310
2022-02-03,16.799999237060547,16.799999237060547,16.799999237060547,16.799999237060547,10
2022-02-04,16.799999237060547,17.100000381469727,16.0,16.399999618530273,3514
2022-02-07,16.200000762939453,17.0,16.200000762939453,17.0,360
2022-02-08,17.0,17.0,17.0,17.0,4
2022-02-09,17.0,17.0,17.0,17.0,1
2022-02-10,17.0,17.0,17.0,17.0,5
2022-02-11,16.799999237060547,16.899999618530273,16.799999237060547,16.899999618530273,205
2022-02-14,17.0,17.0,16.399999618530273,16.899999618530273,136
2022-02-15,16.100000381469727,17.100000381469727,16.100000381469727,17.100000381469727,1136
2022-02-16,17.100000381469727,17.799999237060547,17.100000381469727,17.799999237060547,4696
2022-02-17,17.0,17.799999237060547,17.0,17.799999237060547,2587
2022-02-18,17.799999237060547,17.799999237060547,17.799999237060547,17.799999237060547,10
2022-02-21,17.799999237060547,17.799999237060547,17.799999237060547,17.799999237060547,10
2022-02-22,16.600000381469727,17.799999237060547,16.600000381469727,17.799999237060547,427
2022-02-23,17.799999237060547,17.799999237060547,17.799999237060547,17.799999237060547,10
2022-02-24,16.600000381469727,17.799999237060547,16.0,17.799999237060547,2262
2022-02-25,17.0,17.799999237060547,16.799999237060547,17.799999237060547,1005
2022-02-28,17.799999237060547,17.799999237060547,17.799999237060547,17.799999237060547,17
2022-03-01,17.799999237060547,17.799999237060547,17.799999237060547,17.799999237060547,10
2022-03-02,17.799999237060547,17.799999237060547,17.799999237060547,17.799999237060547,667
2022-03-03,17.799999237060547,17.799999237060547,17.0,17.799999237060547,329
2022-03-04,17.799999237060547,17.799999237060547,17.0,17.799999237060547,151
2022-03-07,17.799999237060547,17.799999237060547,17.799999237060547,17.799999237060547,10
2022-03-08,17.700000762939453,17.700000762939453,17.100000381469727,17.700000762939453,684
2022-03-09,17.700000762939453,17.799999237060547,17.299999237060547,17.799999237060547,216
2022-03-10,17.799999237060547,17.799999237060547,17.799999237060547,17.799999237060547,13
2022-03-11,17.799999237060547,17.799999237060547,17.799999237060547,17.799999237060547,10
2022-03-14,17.799999237060547,17.799999237060547,17.799999237060547,17.799999237060547,10
2022-03-15,17.799999237060547,17.799999237060547,17.799999237060547,17.799999237060547,10
2022-03-16,17.799999237060547,17.799999237060547,17.399999618530273,17.399999618530273,1482
2022-03-17,17.799999237060547,17.799999237060547,17.399999618530273,17.399999618530273,202
2022-03-18,17.799999237060547,17.799999237060547,17.799999237060547,17.799999237060547,2
2022-03-21,17.5,17.5,17.5,17.5,42
2022-03-22,17.799999237060547,17.799999237060547,17.399999618530273,17.399999618530273,610
2022-03-23,17.799999237060547,17.799999237060547,17.799999237060547,17.799999237060547,66
2022-03-24,17.799999237060547,17.799999237060547,17.299999237060547,17.700000762939453,438
2022-03-25,17.799999237060547,17.799999237060547,17.799999237060547,17.799999237060547,140
2022-03-28,17.799999237060547,17.799999237060547,17.0,17.0,217
2022-03-29,17.799999237060547,17.799999237060547,17.799999237060547,17.799999237060547,2
2022-03-30,17.799999237060547,17.799999237060547,17.799999237060547,17.799999237060547,2
2022-03-31,17.700000762939453,17.700000762939453,17.700000762939453,17.700000762939453,2
2022-04-01,17.700000762939453,17.700000762939453,17.700000762939453,17.700000762939453,10
2022-04-04,17.700000762939453,17.700000762939453,17.700000762939453,17.700000762939453,10
2022-04-05,17.600000381469727,17.600000381469727,17.600000381469727,17.600000381469727,8
2022-04-06,17.600000381469727,17.700000762939453,17.399999618530273,17.399999618530273,713
2022-04-07,17.700000762939453,17.700000762939453,17.700000762939453,17.700000762939453,10
2022-04-08,17.700000762939453,17.700000762939453,17.700000762939453,17.700000762939453,10
2022-04-11,17.700000762939453,17.700000762939453,17.700000762939453,17.700000762939453,10
2022-04-12,17.700000762939453,17.700000762939453,16.899999618530273,16.899999618530273,510
2022-04-13,17.700000762939453,17.700000762939453,17.700000762939453,17.700000762939453,10
2022-04-14,17.700000762939453,17.799999237060547,17.100000381469727,17.799999237060547,1123
2022-04-19,17.5,17.5,17.5,17.5,10
2022-04-20,17.700000762939453,17.700000762939453,17.700000762939453,17.700000762939453,10
2022-04-21,17.700000762939453,17.700000762939453,17.700000762939453,17.700000762939453,10
2022-04-22,17.700000762939453,17.700000762939453,17.700000762939453,17.700000762939453,1
2022-04-25,17.700000762939453,17.700000762939453,17.700000762939453,17.700000762939453,10
2022-04-26,17.700000762939453,17.700000762939453,16.899999618530273,16.899999618530273,16
2022-04-27,17.700000762939453,17.700000762939453,17.700000762939453,17.700000762939453,10
2022-04-28,17.700000762939453,17.700000762939453,16.899999618530273,16.899999618530273,462
2022-04-29,17.0,17.399999618530273,17.0,17.0,290
2022-05-02,17.600000381469727,17.600000381469727,16.399999618530273,16.899999618530273,766
2022-05-04,16.899999618530273,16.899999618530273,16.899999618530273,16.899999618530273,24
2022-05-05,16.899999618530273,16.899999618530273,16.899999618530273,16.899999618530273,10
2022-05-06,16.899999618530273,17.700000762939453,16.200000762939453,17.700000762939453,1104
2022-05-09,17.299999237060547,17.299999237060547,17.299999237060547,17.299999237060547,10
2022-05-10,17.200000762939453,17.200000762939453,17.200000762939453,17.200000762939453,10
2022-05-11,17.200000762939453,17.200000762939453,17.200000762939453,17.200000762939453,9
2022-05-12,17.100000381469727,17.100000381469727,16.200000762939453,17.100000381469727,511
2022-05-13,17.100000381469727,17.100000381469727,16.200000762939453,16.200000762939453,32
2022-05-16,17.100000381469727,17.100000381469727,17.100000381469727,17.100000381469727,16
2022-05-17,17.100000381469727,17.100000381469727,17.100000381469727,17.100000381469727,10
2022-05-18,17.0,17.0,16.399999618530273,17.0,18
2022-05-19,17.0,17.0,17.0,17.0,9
2022-05-20,17.0,17.0,17.0,17.0,18
2022-05-23,16.899999618530273,16.899999618530273,16.899999618530273,16.899999618530273,10
2022-05-24,16.899999618530273,16.899999618530273,16.899999618530273,16.899999618530273,10
2022-05-25,16.899999618530273,16.899999618530273,16.899999618530273,16.899999618530273,10
2022-05-26,16.899999618530273,16.899999618530273,16.899999618530273,16.899999618530273,2
2022-05-27,16.899999618530273,16.899999618530273,16.899999618530273,16.899999618530273,12
2022-05-30,16.899999618530273,16.899999618530273,16.899999618530273,16.899999618530273,10
2022-05-31,16.899999618530273,16.899999618530273,16.200000762939453,16.200000762939453,94
2022-06-01,14.800000190734863,16.200000762939453,14.800000190734863,16.200000762939453,827
2022-06-02,16.799999237060547,16.799999237060547,16.799999237060547,16.799999237060547,10
2022-06-03,16.700000762939453,16.700000762939453,16.700000762939453,16.700000762939453,10
2022-06-06,16.700000762939453,16.700000762939453,16.399999618530273,16.399999618530273,11
2022-06-07,16.700000762939453,16.700000762939453,16.700000762939453,16.700000762939453,10
2022-06-08,16.600000381469727,16.600000381469727,16.600000381469727,16.600000381469727,10
2022-06-09,16.299999237060547,16.5,16.299999237060547,16.5,96
2022-06-10,16.299999237060547,16.299999237060547,16.299999237060547,16.299999237060547,10
2022-06-13,16.299999237060547,16.299999237060547,16.299999237060547,16.299999237060547,10
2022-06-14,16.200000762939453,16.600000381469727,15.699999809265137,16.600000381469727,1495
2022-06-15,16.600000381469727,16.600000381469727,16.600000381469727,16.600000381469727,2
2022-06-17,16.600000381469727,16.600000381469727,16.600000381469727,16.600000381469727,3
2022-06-20,15.199999809265137,16.399999618530273,15.199999809265137,15.699999809265137,125
2022-06-21,16.299999237060547,16.299999237060547,16.299999237060547,16.299999237060547,10
2022-06-22,16.299999237060547,16.299999237060547,16.299999237060547,16.299999237060547,2
2022-06-23,16.299999237060547,16.299999237060547,16.299999237060547,16.299999237060547,2
2022-06-24,16.299999237060547,16.299999237060547,16.299999237060547,16.299999237060547,2
2022-06-27,16.299999237060547,16.299999237060547,16.299999237060547,16.299999237060547,2
2022-06-28,16.299999237060547,16.299999237060547,16.299999237060547,16.299999237060547,2
2022-06-29,16.299999237060547,16.299999237060547,16.299999237060547,16.299999237060547,2
2022-06-30,16.299999237060547,16.299999237060547,16.299999237060547,16.299999237060547,2
2022-07-01,16.299999237060547,16.299999237060547,16.299999237060547,16.299999237060547,1
2022-07-04,16.299999237060547,16.299999237060547,16.299999237060547,16.299999237060547,10
2022-07-05,16.299999237060547,16.299999237060547,15.699999809265137,15.699999809265137,411
2022-07-06,15.5,16.899999618530273,15.5,16.899999618530273,126
2022-07-07,16.899999618530273,16.899999618530273,16.899999618530273,16.899999618530273,10
2022-07-08,16.799999237060547,16.799999237060547,15.199999809265137,15.399999618530273,251
2022-07-11,15.600000381469727,15.600000381469727,15.600000381469727,15.600000381469727,10
2022-07-12,15.800000190734863,15.800000190734863,14.699999809265137,14.699999809265137,389
2022-07-13,15.399999618530273,16.299999237060547,15.399999618530273,15.600000381469727,1205
2022-07-14,16.0,16.700000762939453,15.600000381469727,16.600000381469727,255
2022-07-15,16.600000381469727,16.600000381469727,15.600000381469727,15.600000381469727,110
2022-07-18,16.200000762939453,16.200000762939453,16.200000762939453,16.200000762939453,5
2022-07-19,16.200000762939453,16.200000762939453,16.200000762939453,16.200000762939453,5
2022-07-20,16.399999618530273,16.399999618530273,15.100000381469727,16.399999618530273,246
2022-07-21,16.5,16.5,16.5,16.5,5
2022-07-22,16.5,16.5,15.699999809265137,16.399999618530273,56
2022-07-25,16.399999618530273,16.399999618530273,16.399999618530273,16.399999618530273,4
2022-07-26,16.399999618530273,16.399999618530273,16.399999618530273,16.399999618530273,6
2022-07-27,16.200000762939453,16.200000762939453,16.200000762939453,16.200000762939453,5
2022-07-28,16.200000762939453,16.200000762939453,16.200000762939453,16.200000762939453,10
2022-07-29,16.200000762939453,16.200000762939453,16.200000762939453,16.200000762939453,10
2022-08-01,16.200000762939453,16.299999237060547,16.200000762939453,16.299999237060547,23
2022-08-02,16.399999618530273,16.399999618530273,15.699999809265137,15.699999809265137,74
2022-08-03,16.299999237060547,16.299999237060547,15.899999618530273,15.899999618530273,73
2022-08-04,16.200000762939453,16.200000762939453,16.200000762939453,16.200000762939453,10
2022-08-05,16.200000762939453,16.200000762939453,16.200000762939453,16.200000762939453,10
2022-08-08,15.899999618530273,15.899999618530273,15.699999809265137,15.899999618530273,69
2022-08-09,15.899999618530273,15.899999618530273,15.899999618530273,15.899999618530273,695
2022-08-10,16.0,16.0,16.0,16.0,11
2022-08-11,16.0,16.0,16.0,16.0,0
2022-08-12,15.899999618530273,15.899999618530273,15.300000190734863,15.899999618530273,40
2022-08-16,15.899999618530273,15.899999618530273,15.100000381469727,15.300000190734863,573
2022-08-17,15.399999618530273,15.399999618530273,15.399999618530273,15.399999618530273,10
2022-08-18,15.399999618530273,15.399999618530273,15.300000190734863,15.399999618530273,165
2022-08-19,15.399999618530273,15.399999618530273,15.399999618530273,15.399999618530273,10
2022-08-22,15.399999618530273,15.399999618530273,15.399999618530273,15.399999618530273,10
2022-08-23,15.399999618530273,15.399999618530273,15.399999618530273,15.399999618530273,10
2022-08-24,15.399999618530273,15.399999618530273,14.699999809265137,14.699999809265137,216
2022-08-25,15.399999618530273,15.399999618530273,15.199999809265137,15.199999809265137,504
2022-08-26,15.399999618530273,15.399999618530273,14.699999809265137,15.300000190734863,443
2022-08-29,15.399999618530273,15.800000190734863,15.399999618530273,15.800000190734863,300
2022-08-30,15.800000190734863,15.800000190734863,15.800000190734863,15.800000190734863,10
2022-08-31,15.800000190734863,15.899999618530273,15.800000190734863,15.800000190734863,136
2022-09-01,15.800000190734863,15.800000190734863,15.800000190734863,15.800000190734863,10
2022-09-02,15.800000190734863,15.800000190734863,15.800000190734863,15.800000190734863,10
2022-09-05,15.800000190734863,15.800000190734863,14.800000190734863,15.0,440
2022-09-06,15.699999809265137,15.699999809265137,14.699999809265137,14.699999809265137,427
2022-09-07,15.699999809265137,15.699999809265137,15.699999809265137,15.699999809265137,2
2022-09-08,15.699999809265137,15.699999809265137,15.699999809265137,15.699999809265137,2
2022-09-09,15.699999809265137,15.699999809265137,15.699999809265137,15.699999809265137,2
2022-09-12,15.699999809265137,15.699999809265137,15.699999809265137,15.699999809265137,2
2022-09-13,15.699999809265137,15.699999809265137,15.699999809265137,15.699999809265137,10
2022-09-14,15.699999809265137,15.800000190734863,15.699999809265137,15.800000190734863,196
2022-09-15,15.699999809265137,15.699999809265137,14.399999618530273,15.100000381469727,418
2022-09-16,14.600000381469727,15.699999809265137,14.600000381469727,15.699999809265137,361
2022-09-19,15.699999809265137,15.699999809265137,15.100000381469727,15.100000381469727,80
2022-09-20,15.699999809265137,15.699999809265137,14.399999618530273,14.399999618530273,523
2022-09-21,14.5,14.5,13.899999618530273,14.300000190734863,372
2022-09-22,14.300000190734863,14.300000190734863,13.699999809265137,13.899999618530273,1021
2022-09-23,13.899999618530273,13.899999618530273,12.699999809265137,13.800000190734863,1356
2022-09-26,13.0,13.0,11.800000190734863,12.699999809265137,2928
2022-09-27,12.699999809265137,13.199999809265137,12.199999809265137,12.199999809265137,337
2022-09-28,13.0,13.0,12.300000190734863,12.899999618530273,6
2022-09-29,13.0,13.0,11.699999809265137,11.800000190734863,1003
2022-09-30,11.699999809265137,11.699999809265137,10.300000190734863,11.5,7611
2022-10-03,11.100000381469727,11.699999809265137,10.5,11.699999809265137,1913
2022-10-04,11.600000381469727,12.899999618530273,11.199999809265137,12.899999618530273,2241
2022-10-05,12.899999618530273,15.5,12.899999618530273,15.199999809265137,2010
2022-10-06,13.699999809265137,14.100000381469727,13.5,13.800000190734863,465
2022-10-07,13.800000190734863,14.600000381469727,13.800000190734863,14.600000381469727,850
2022-10-10,14.600000381469727,14.600000381469727,14.600000381469727,14.600000381469727,38
2022-10-11,14.5,14.5,14.5,14.5,10
2022-10-12,14.300000190734863,14.300000190734863,14.300000190734863,14.300000190734863,10
2022-10-13,14.300000190734863,14.300000190734863,14.300000190734863,14.300000190734863,10
2022-10-14,14.300000190734863,14.300000190734863,14.300000190734863,14.300000190734863,10
2022-10-17,14.300000190734863,14.300000190734863,14.300000190734863,14.300000190734863,10
2022-10-18,14.300000190734863,14.300000190734863,13.899999618530273,13.899999618530273,373
2022-10-19,13.899999618530273,14.199999809265137,13.899999618530273,14.199999809265137,9
2022-10-20,14.199999809265137,14.199999809265137,14.199999809265137,14.199999809265137,10
2022-10-21,14.199999809265137,14.199999809265137,14.199999809265137,14.199999809265137,10
2022-10-24,14.199999809265137,14.199999809265137,13.899999618530273,14.100000381469727,83
2022-10-25,14.100000381469727,14.100000381469727,14.100000381469727,14.100000381469727,10
2022-10-26,14.100000381469727,14.100000381469727,14.100000381469727,14.100000381469727,10
2022-10-27,14.100000381469727,14.100000381469727,14.100000381469727,14.100000381469727,10
2022-10-28,14.100000381469727,14.100000381469727,14.100000381469727,14.100000381469727,10
2022-10-31,14.100000381469727,14.100000381469727,14.100000381469727,14.100000381469727,2
2022-11-02,14.100000381469727,14.100000381469727,14.100000381469727,14.100000381469727,10
2022-11-03,14.0,14.0,14.0,14.0,10
2022-11-04,13.899999618530273,13.899999618530273,13.899999618530273,13.899999618530273,74
2022-11-07,13.800000190734863,13.800000190734863,13.800000190734863,13.800000190734863,83
2022-11-08,13.699999809265137,13.699999809265137,13.699999809265137,13.699999809265137,113
2022-11-09,13.600000381469727,13.600000381469727,13.600000381469727,13.600000381469727,184
2022-11-10,13.5,14.0,13.5,14.0,934
2022-11-14,14.0,14.0,14.0,14.0,160
2022-11-15,14.100000381469727,14.100000381469727,14.100000381469727,14.100000381469727,10
2022-11-16,14.0,14.5,14.0,14.5,2586
2022-11-17,14.5,14.5,14.0,14.5,3300
2022-11-18,14.5,14.699999809265137,14.0,14.699999809265137,27
2022-11-21,15.300000190734863,15.300000190734863,15.300000190734863,15.300000190734863,10
2022-11-22,15.199999809265137,15.199999809265137,14.699999809265137,14.699999809265137,146
2022-11-23,15.199999809265137,15.199999809265137,14.800000190734863,14.800000190734863,78
2022-11-24,15.100000381469727,15.100000381469727,14.699999809265137,14.699999809265137,360
2022-11-25,15.100000381469727,15.100000381469727,14.199999809265137,14.199999809265137,11
2022-11-28,15.100000381469727,15.100000381469727,15.100000381469727,15.100000381469727,10
2022-11-29,15.100000381469727,15.100000381469727,14.0,15.0,2663
2022-11-30,15.100000381469727,15.100000381469727,14.0,14.0,786
2022-12-01,14.100000381469727,14.600000381469727,14.100000381469727,14.600000381469727,11
2022-12-02,14.600000381469727,14.600000381469727,14.0,14.0,58
2022-12-05,14.0,14.600000381469727,14.0,14.600000381469727,90
2022-12-06,15.100000381469727,15.100000381469727,14.600000381469727,14.600000381469727,79
2022-12-07,14.899999618530273,14.899999618530273,14.899999618530273,14.899999618530273,10
2022-12-08,14.600000381469727,14.899999618530273,14.600000381469727,14.899999618530273,27
2022-12-09,14.899999618530273,15.100000381469727,14.899999618530273,15.100000381469727,91
2022-12-12,15.100000381469727,15.100000381469727,13.899999618530273,13.899999618530273,80
2022-12-13,13.899999618530273,13.899999618530273,13.899999618530273,13.899999618530273,11
2022-12-14,13.899999618530273,15.100000381469727,13.899999618530273,14.600000381469727,99
2022-12-15,14.600000381469727,14.600000381469727,14.600000381469727,14.600000381469727,1
2022-12-16,14.600000381469727,14.600000381469727,14.600000381469727,14.600000381469727,110
2022-12-19,14.600000381469727,14.600000381469727,14.600000381469727,14.600000381469727,10
2022-12-20,14.600000381469727,14.600000381469727,14.600000381469727,14.600000381469727,10
2022-12-21,14.600000381469727,14.600000381469727,14.600000381469727,14.600000381469727,10
2022-12-22,14.600000381469727,14.600000381469727,14.600000381469727,14.600000381469727,90
2022-12-23,14.600000381469727,16.0,14.600000381469727,16.0,3593
2022-12-27,15.800000190734863,15.800000190734863,15.300000190734863,15.800000190734863,2724
2022-12-28,15.699999809265137,15.699999809265137,15.100000381469727,15.100000381469727,499
2022-12-29,15.600000381469727,17.100000381469727,15.600000381469727,17.100000381469727,2459
2022-12-30,17.100000381469727,17.799999237060547,17.100000381469727,17.799999237060547,1255
2023-01-02,17.899999618530273,17.899999618530273,15.399999618530273,16.5,1454
2023-01-03,17.299999237060547,17.399999618530273,16.700000762939453,16.700000762939453,273
2023-01-04,16.600000381469727,16.600000381469727,16.600000381469727,16.600000381469727,10
2023-01-05,16.600000381469727,16.600000381469727,16.0,16.600000381469727,540
2023-01-09,16.399999618530273,16.399999618530273,16.399999618530273,16.399999618530273,10
2023-01-10,16.200000762939453,16.200000762939453,15.5,15.5,200
2023-01-11,16.5,16.5,16.0,16.0,125
2023-01-12,16.5,16.5,16.5,16.5,10
2023-01-13,16.5,16.5,16.5,16.5,10
2023-01-16,16.5,16.5,16.5,16.5,10
2023-01-17,16.5,16.5,16.5,16.5,10
2023-01-18,16.5,16.5,16.5,16.5,10
2023-01-19,16.5,16.5,16.5,16.5,10
2023-01-20,16.5,16.5,16.5,16.5,10
2023-01-23,16.5,16.5,16.5,16.5,2
2023-01-24,16.5,16.5,16.5,16.5,10
2023-01-25,16.5,16.5,16.5,16.5,10
2023-01-26,16.5,16.5,16.5,16.5,10
2023-01-27,16.399999618530273,16.399999618530273,16.399999618530273,16.399999618530273,2
2023-01-30,16.399999618530273,16.399999618530273,16.399999618530273,16.399999618530273,10
2023-01-31,16.5,16.5,16.100000381469727,16.299999237060547,203
2023-02-01,16.5,16.5,16.5,16.5,10
2023-02-02,16.899999618530273,16.899999618530273,16.899999618530273,16.899999618530273,2
2023-02-03,16.899999618530273,16.899999618530273,16.700000762939453,16.700000762939453,11
2023-02-06,16.899999618530273,16.899999618530273,15.600000381469727,15.600000381469727,490
2023-02-07,16.299999237060547,16.299999237060547,15.699999809265137,15.800000190734863,23
2023-02-08,16.299999237060547,16.299999237060547,16.299999237060547,16.299999237060547,10
2023-02-09,16.299999237060547,16.299999237060547,16.299999237060547,16.299999237060547,10
2023-02-10,16.200000762939453,16.200000762939453,16.200000762939453,16.200000762939453,10
2023-02-13,16.200000762939453,16.200000762939453,16.200000762939453,16.200000762939453,10
2023-02-14,16.100000381469727,16.100000381469727,16.100000381469727,16.100000381469727,10
2023-02-15,16.0,16.0,15.100000381469727,15.100000381469727,80
2023-02-16,16.100000381469727,16.100000381469727,16.100000381469727,16.100000381469727,1
2023-02-17,16.0,16.0,15.800000190734863,15.800000190734863,66
2023-02-20,16.0,16.0,16.0,16.0,10
2023-02-21,16.0,16.0,16.0,16.0,4
2023-02-22,16.0,16.0,16.0,16.0,10
2023-02-23,16.0,16.0,16.0,16.0,10
2023-02-24,16.0,16.0,16.0,16.0,10
2023-02-27,15.699999809265137,15.699999809265137,15.600000381469727,15.600000381469727,76
2023-02-28,15.699999809265137,15.699999809265137,15.600000381469727,15.600000381469727,20
2023-03-01,15.699999809265137,15.699999809265137,15.699999809265137,15.699999809265137,10
2023-03-02,15.600000381469727,15.600000381469727,15.600000381469727,15.600000381469727,10
2023-03-03,15.600000381469727,15.600000381469727,14.899999618530273,14.899999618530273,130
2023-03-06,15.600000381469727,15.600000381469727,15.600000381469727,15.600000381469727,10
2023-03-07,15.600000381469727,15.600000381469727,15.600000381469727,15.600000381469727,10
2023-03-08,15.600000381469727,15.600000381469727,15.600000381469727,15.600000381469727,10
2023-03-09,15.600000381469727,15.600000381469727,15.600000381469727,15.600000381469727,10
2023-03-10,15.600000381469727,15.600000381469727,15.600000381469727,15.600000381469727,10
2023-03-13,15.600000381469727,15.600000381469727,14.699999809265137,14.899999618530273,270
2023-03-14,15.600000381469727,15.600000381469727,14.5,14.5,76
2023-03-15,15.600000381469727,15.600000381469727,14.600000381469727,14.600000381469727,257
2023-03-16,15.399999618530273,15.399999618530273,14.600000381469727,14.600000381469727,356
2023-03-17,15.300000190734863,15.300000190734863,15.100000381469727,15.100000381469727,102
2023-03-20,15.0,15.0,15.0,15.0,2
2023-03-21,15.0,15.0,15.0,15.0,2
2023-03-22,15.0,15.0,15.0,15.0,2
2023-03-23,15.0,15.0,15.0,15.0,2
2023-03-24,15.0,15.0,15.0,15.0,10
2023-03-27,15.0,15.0,15.0,15.0,80
2023-03-28,15.0,15.199999809265137,14.399999618530273,15.199999809265137,3462
2023-03-29,15.199999809265137,15.899999618530273,15.100000381469727,15.5,4209
2023-03-30,15.899999618530273,16.5,15.899999618530273,16.5,2732
2023-03-31,16.5,16.5,16.399999618530273,16.399999618530273,39
2023-04-03,16.399999618530273,16.399999618530273,16.100000381469727,16.399999618530273,398
2023-04-04,16.0,16.700000762939453,16.0,16.700000762939453,597
2023-04-05,16.899999618530273,16.899999618530273,16.899999618530273,16.899999618530273,10
2023-04-06,16.399999618530273,16.600000381469727,16.399999618530273,16.600000381469727,4579
2023-04-11,16.600000381469727,16.700000762939453,16.600000381469727,16.700000762939453,184
2023-04-12,16.700000762939453,16.700000762939453,16.700000762939453,16.700000762939453,10
2023-04-13,16.700000762939453,17.299999237060547,16.700000762939453,17.299999237060547,2076
2023-04-14,17.299999237060547,17.299999237060547,17.200000762939453,17.200000762939453,730
2023-04-17,17.200000762939453,17.200000762939453,17.200000762939453,17.200000762939453,1
2023-04-18,17.200000762939453,17.200000762939453,17.200000762939453,17.200000762939453,120
2023-04-19,16.600000381469727,16.799999237060547,15.899999618530273,16.5,520
2023-04-20,16.5,16.5,16.299999237060547,16.299999237060547,300
2023-04-21,17.0,17.0,17.0,17.0,10
2023-04-24,17.0,17.0,17.0,17.0,10
2023-04-25,17.0,17.0,17.0,17.0,10
2023-04-26,17.0,17.200000762939453,17.0,17.200000762939453,238
2023-04-27,17.200000762939453,17.200000762939453,17.200000762939453,17.200000762939453,13
2023-04-28,17.200000762939453,17.5,17.200000762939453,17.5,295
2023-05-02,17.5,17.899999618530273,17.299999237060547,17.299999237060547,110
2023-05-04,17.899999618530273,17.899999618530273,17.299999237060547,17.299999237060547,30
2023-05-05,17.899999618530273,17.899999618530273,16.600000381469727,17.899999618530273,232
2023-05-08,17.899999618530273,17.899999618530273,17.899999618530273,17.899999618530273,10
2023-05-09,18.0,19.0,16.799999237060547,16.799999237060547,311
2023-05-10,18.899999618530273,18.899999618530273,17.799999237060547,17.799999237060547,20
2023-05-11,16.299999237060547,17.700000762939453,16.299999237060547,17.0,1139
2023-05-12,18.0,18.0,18.0,18.0,10
2023-05-15,16.700000762939453,18.0,16.700000762939453,18.0,19
2023-05-16,16.700000762939453,18.0,16.700000762939453,18.0,108
2023-05-17,18.0,18.0,18.0,18.0,10
2023-05-18,18.0,18.0,16.700000762939453,16.700000762939453,133
2023-05-19,18.0,18.0,17.399999618530273,17.399999618530273,210
2023-05-22,18.0,19.0,18.0,18.200000762939453,808
2023-05-23,18.0,18.0,17.0,17.799999237060547,224
2023-05-24,18.899999618530273,18.899999618530273,18.899999618530273,18.899999618530273,10
2023-05-25,18.5,18.5,17.799999237060547,17.799999237060547,31
2023-05-26,18.0,19.600000381469727,17.799999237060547,18.5,2845
2023-05-29,18.5,18.5,17.799999237060547,18.200000762939453,440
2023-05-30,19.200000762939453,19.200000762939453,17.5,17.5,19
2023-05-31,19.0,19.0,19.0,19.0,10
2023-06-01,19.0,19.0,17.399999618530273,18.0,544
2023-06-02,18.799999237060547,19.5,18.200000762939453,19.5,140
2023-06-05,19.5,19.5,18.200000762939453,19.399999618530273,38
2023-06-06,19.399999618530273,19.399999618530273,19.399999618530273,19.399999618530273,10
2023-06-07,19.200000762939453,19.200000762939453,17.799999237060547,17.799999237060547,833
2023-06-09,17.799999237060547,17.799999237060547,17.799999237060547,17.799999237060547,73
2023-06-12,17.799999237060547,17.799999237060547,17.0,17.0,287
2023-06-13,17.799999237060547,17.799999237060547,17.799999237060547,17.799999237060547,11
2023-06-14,17.799999237060547,17.799999237060547,17.799999237060547,17.799999237060547,1
2023-06-15,17.700000762939453,17.700000762939453,17.700000762939453,17.700000762939453,10
2023-06-16,17.700000762939453,17.799999237060547,17.700000762939453,17.799999237060547,20
2023-06-19,17.799999237060547,17.799999237060547,17.799999237060547,17.799999237060547,10
2023-06-20,17.799999237060547,17.799999237060547,17.799999237060547,17.799999237060547,18
2023-06-21,17.799999237060547,17.799999237060547,17.799999237060547,17.799999237060547,10
2023-06-22,17.799999237060547,17.799999237060547,17.799999237060547,17.799999237060547,10
2023-06-23,17.799999237060547,17.799999237060547,17.799999237060547,17.799999237060547,60
2023-06-26,17.799999237060547,17.799999237060547,17.0,17.0,654
2023-06-27,17.799999237060547,17.799999237060547,17.799999237060547,17.799999237060547,10
2023-06-28,17.799999237060547,17.799999237060547,17.799999237060547,17.799999237060547,10
2023-06-29,17.799999237060547,17.799999237060547,17.799999237060547,17.799999237060547,10
2023-06-30,17.700000762939453,17.700000762939453,16.0,16.0,772
2023-07-03,16.5,16.5,16.5,16.5,184
2023-07-04,17.600000381469727,17.600000381469727,16.600000381469727,16.600000381469727,25
2023-07-05,16.0,16.0,16.0,16.0,79
2023-07-06,17.299999237060547,17.299999237060547,16.0,16.0,160
2023-07-07,17.399999618530273,17.399999618530273,16.600000381469727,16.600000381469727,24
2023-07-10,17.399999618530273,17.399999618530273,16.0,16.0,76
2023-07-11,17.5,17.5,17.5,17.5,18
2023-07-12,17.5,17.5,17.5,17.5,10
2023-07-13,17.5,17.5,15.899999618530273,16.600000381469727,239
2023-07-14,17.5,17.5,15.899999618530273,15.899999618530273,779
2023-07-17,15.899999618530273,17.399999618530273,15.899999618530273,17.0,1706
2023-07-18,17.5,17.5,17.5,17.5,1
2023-07-19,17.5,17.5,17.0,17.0,137
2023-07-20,17.5,17.5,17.5,17.5,2
2023-07-21,18.0,18.0,18.0,18.0,1
2023-07-24,18.0,18.0,18.0,18.0,2
2023-07-25,18.0,18.0,16.200000762939453,16.299999237060547,1237
2023-07-26,17.0,18.0,16.0,16.0,1137
2023-07-27,16.0,16.899999618530273,16.0,16.899999618530273,2
2023-07-28,16.899999618530273,17.899999618530273,15.899999618530273,15.899999618530273,596
2023-07-31,14.399999618530273,15.800000190734863,13.0,15.800000190734863,5422
2023-08-01,16.700000762939453,16.700000762939453,15.199999809265137,15.199999809265137,132
2023-08-02,15.0,16.5,15.0,16.5,184
2023-08-03,16.0,16.0,15.300000190734863,15.300000190734863,231
2023-08-04,16.0,16.5,16.0,16.0,336
2023-08-07,15.899999618530273,15.899999618530273,15.899999618530273,15.899999618530273,10
2023-08-08,15.899999618530273,15.899999618530273,14.699999809265137,14.699999809265137,760
2023-08-09,15.699999809265137,15.699999809265137,15.199999809265137,15.199999809265137,75
2023-08-10,15.699999809265137,15.699999809265137,15.699999809265137,15.699999809265137,10
2023-08-11,15.800000190734863,15.800000190734863,15.800000190734863,15.800000190734863,18
2023-08-14,15.899999618530273,15.899999618530273,14.899999618530273,14.899999618530273,100
2023-08-16,16.0,16.0,14.600000381469727,14.699999809265137,260
2023-08-17,14.5,15.800000190734863,14.5,14.600000381469727,1051
2023-08-18,14.800000190734863,14.899999618530273,14.300000190734863,14.899999618530273,541
2023-08-21,14.899999618530273,14.899999618530273,13.600000381469727,13.800000190734863,1238
2023-08-22,14.600000381469727,14.899999618530273,13.899999618530273,14.0,995
2023-08-23,14.600000381469727,14.600000381469727,14.600000381469727,14.600000381469727,10
2023-08-24,14.5,14.5,14.5,14.5,10
2023-08-25,14.5,14.5,14.5,14.5,10
2023-08-28,14.0,14.399999618530273,14.0,14.399999618530273,140
2023-08-29,14.300000190734863,14.300000190734863,14.300000190734863,14.300000190734863,10
2023-08-30,14.300000190734863,14.300000190734863,14.300000190734863,14.300000190734863,10
2023-08-31,14.399999618530273,14.399999618530273,14.0,14.0,83
2023-09-01,14.199999809265137,14.399999618530273,14.199999809265137,14.399999618530273,82
2023-09-04,14.399999618530273,14.399999618530273,14.399999618530273,14.399999618530273,10
2023-09-05,14.399999618530273,14.399999618530273,14.0,14.0,167
2023-09-06,14.399999618530273,14.399999618530273,13.800000190734863,13.800000190734863,331
2023-09-07,14.300000190734863,14.300000190734863,14.300000190734863,14.300000190734863,10
2023-09-08,13.5,14.0,13.399999618530273,13.800000190734863,305
2023-09-11,13.800000190734863,13.800000190734863,13.800000190734863,13.800000190734863,0
2023-09-12,13.899999618530273,13.899999618530273,13.899999618530273,13.899999618530273,10
2023-09-13,13.899999618530273,14.0,13.899999618530273,14.0,100
2023-09-14,14.0,14.300000190734863,14.0,14.100000381469727,1435
2023-09-15,14.300000190734863,14.300000190734863,14.300000190734863,14.300000190734863,10
2023-09-18,14.300000190734863,14.300000190734863,14.300000190734863,14.300000190734863,10
2023-09-19,14.300000190734863,14.300000190734863,14.300000190734863,14.300000190734863,10
2023-09-20,14.300000190734863,14.300000190734863,14.300000190734863,14.300000190734863,18
2023-09-21,14.300000190734863,14.300000190734863,14.0,14.0,4
2023-09-22,14.300000190734863,14.300000190734863,14.300000190734863,14.300000190734863,74
2023-09-25,16.0,16.0,14.399999618530273,14.600000381469727,1307
2023-09-26,14.600000381469727,16.0,14.600000381469727,15.699999809265137,1367
2023-09-27,15.699999809265137,15.699999809265137,15.100000381469727,15.100000381469727,20
2023-09-28,15.300000190734863,15.300000190734863,15.300000190734863,15.300000190734863,10
2023-09-29,15.300000190734863,15.800000190734863,15.100000381469727,15.800000190734863,1075
2023-10-02,16.100000381469727,16.100000381469727,15.199999809265137,16.0,1009
2023-10-03,16.0,16.0,14.899999618530273,14.899999618530273,13
2023-10-04,16.0,16.0,16.0,16.0,10
2023-10-05,16.0,16.0,15.800000190734863,15.800000190734863,76
2023-10-06,15.899999618530273,15.899999618530273,15.899999618530273,15.899999618530273,10
2023-10-09,15.899999618530273,15.899999618530273,15.899999618530273,15.899999618530273,10
2023-10-10,15.899999618530273,15.899999618530273,15.899999618530273,15.899999618530273,10
2023-10-11,15.899999618530273,15.899999618530273,15.899999618530273,15.899999618530273,2
2023-10-12,15.899999618530273,16.0,15.600000381469727,16.0,1239
2023-10-13,16.0,17.0,15.800000190734863,15.800000190734863,1211
2023-10-16,17.0,17.0,17.0,17.0,10
2023-10-17,17.0,17.0,17.0,17.0,10
2023-10-18,17.0,17.0,17.0,17.0,10
2023-10-19,17.0,17.0,17.0,17.0,10
2023-10-20,17.0,17.0,17.0,17.0,10
2023-10-23,17.0,17.0,17.0,17.0,10
2023-10-24,17.0,17.0,17.0,17.0,10
2023-10-25,17.0,17.0,17.0,17.0,10
2023-10-26,16.799999237060547,16.799999237060547,16.799999237060547,16.799999237060547,10
2023-10-27,16.799999237060547,16.799999237060547,16.799999237060547,16.799999237060547,10
2023-10-30,16.799999237060547,16.799999237060547,15.199999809265137,15.600000381469727,511
2023-10-31,16.799999237060547,16.799999237060547,15.399999618530273,15.399999618530273,2084
2023-11-02,16.799999237060547,16.799999237060547,15.800000190734863,16.0,2239
2023-11-03,16.799999237060547,16.799999237060547,16.600000381469727,16.600000381469727,11
2023-11-06,16.799999237060547,16.799999237060547,16.600000381469727,16.600000381469727,27
2023-11-07,16.799999237060547,16.799999237060547,16.799999237060547,16.799999237060547,10
2023-11-08,16.799999237060547,16.799999237060547,16.799999237060547,16.799999237060547,10
2023-11-09,16.799999237060547,17.0,16.799999237060547,17.0,10
2023-11-10,17.0,17.0,17.0,17.0,10
2023-11-13,16.5,16.5,16.5,16.5,10
2023-11-14,16.5,16.5,16.5,16.5,10
2023-11-15,16.399999618530273,16.399999618530273,16.399999618530273,16.399999618530273,10
2023-11-16,16.5,16.5,16.5,16.5,2
2023-11-17,16.5,17.0,15.899999618530273,17.0,2756
2023-11-20,16.899999618530273,16.899999618530273,16.399999618530273,16.399999618530273,160
2023-11-21,16.399999618530273,16.399999618530273,16.399999618530273,16.399999618530273,10
2023-11-22,17.0,17.0,16.299999237060547,16.299999237060547,639
2023-11-23,16.899999618530273,16.899999618530273,16.899999618530273,16.899999618530273,10
2023-11-24,16.899999618530273,16.899999618530273,16.899999618530273,16.899999618530273,10
2023-11-27,16.899999618530273,16.899999618530273,16.899999618530273,16.899999618530273,10
2023-11-28,16.899999618530273,16.899999618530273,16.899999618530273,16.899999618530273,10
2023-11-29,16.899999618530273,16.899999618530273,16.899999618530273,16.899999618530273,10
2023-11-30,16.899999618530273,16.899999618530273,16.899999618530273,16.899999618530273,10
2023-12-01,16.899999618530273,16.899999618530273,16.899999618530273,16.899999618530273,10
2023-12-04,16.5,16.5,16.5,16.5,70
2023-12-05,16.5,16.5,16.5,16.5,10
2023-12-06,16.5,16.899999618530273,15.899999618530273,15.899999618530273,342
2023-12-07,14.399999618530273,15.0,14.399999618530273,15.0,366
2023-12-08,15.0,15.0,15.0,15.0,5
2023-12-11,16.399999618530273,16.399999618530273,15.399999618530273,15.399999618530273,27
2023-12-12,16.799999237060547,16.799999237060547,15.5,16.799999237060547,773
2023-12-13,16.899999618530273,16.899999618530273,16.899999618530273,16.899999618530273,10
2023-12-14,16.899999618530273,16.899999618530273,16.899999618530273,16.899999618530273,10
2023-12-15,17.0,17.0,17.0,17.0,10
2023-12-18,17.0,17.0,17.0,17.0,10
2023-12-19,17.0,17.0,17.0,17.0,10
2023-12-20,17.0,17.0,17.0,17.0,10
2023-12-21,17.0,17.0,17.0,17.0,10
2023-12-22,17.0,17.0,17.0,17.0,10
2023-12-27,17.0,17.0,17.0,17.0,10
2023-12-28,17.0,17.0,17.0,17.0,10
2023-12-29,17.0,17.0,17.0,17.0,10
2024-01-02,17.0,17.0,17.0,17.0,10
2024-01-03,16.899999618530273,16.899999618530273,15.300000190734863,15.300000190734863,520
2024-01-04,15.399999618530273,15.699999809265137,15.399999618530273,15.699999809265137,687
2024-01-05,16.200000762939453,16.200000762939453,16.200000762939453,16.200000762939453,180
2024-01-08,16.799999237060547,16.799999237060547,15.399999618530273,15.399999618530273,344
2024-01-09,15.399999618530273,16.100000381469727,15.399999618530273,16.100000381469727,3
2024-01-10,16.799999237060547,16.799999237060547,16.100000381469727,16.100000381469727,410
2024-01-11,16.700000762939453,16.700000762939453,16.700000762939453,16.700000762939453,10
2024-01-12,15.5,15.600000381469727,15.5,15.600000381469727,469
2024-01-15,16.5,16.5,16.200000762939453,16.200000762939453,12
2024-01-16,16.5,16.700000762939453,16.0,16.0,289
2024-01-17,16.799999237060547,16.799999237060547,16.200000762939453,16.200000762939453,627
2024-01-18,16.799999237060547,16.799999237060547,16.799999237060547,16.799999237060547,2
2024-01-19,16.799999237060547,16.799999237060547,16.799999237060547,16.799999237060547,4
2024-01-22,16.799999237060547,16.799999237060547,16.100000381469727,16.100000381469727,90
2024-01-23,16.799999237060547,16.799999237060547,16.200000762939453,16.200000762939453,281
2024-01-24,16.799999237060547,16.799999237060547,16.200000762939453,16.200000762939453,238
2024-01-25,16.799999237060547,17.5,16.799999237060547,17.5,2182
2024-01-26,17.5,17.5,16.799999237060547,16.799999237060547,624
2024-01-29,17.899999618530273,17.899999618530273,17.0,17.0,1172
2024-01-30,17.899999618530273,18.5,17.0,17.0,1534
2024-01-31,18.0,18.0,18.0,18.0,10
2024-02-01,18.0,18.0,18.0,18.0,10
2024-02-02,18.0,18.0,17.399999618530273,17.399999618530273,3
2024-02-05,18.0,18.0,18.0,18.0,10
2024-02-06,17.5,17.5,17.399999618530273,17.399999618530273,18
2024-02-07,18.0,18.0,18.0,18.0,10
2024-02-08,18.0,18.0,17.399999618530273,17.5,64
2024-02-09,17.5,17.5,17.5,17.5,10
2024-02-12,17.5,17.5,16.799999237060547,16.799999237060547,130
2024-02-13,17.5,17.5,17.5,17.5,510
2024-02-14,17.5,17.5,16.600000381469727,17.5,618
2024-02-15,17.5,17.5,17.5,17.5,10
2024-02-16,16.799999237060547,16.799999237060547,16.799999237060547,16.799999237060547,10
2024-02-19,17.5,17.5,16.5,16.5,610
2024-02-20,17.5,17.5,16.799999237060547,16.799999237060547,12
2024-02-21,17.399999618530273,17.399999618530273,17.399999618530273,17.399999618530273,10
2024-02-22,17.399999618530273,17.399999618530273,17.399999618530273,17.399999618530273,4
2024-02-23,17.399999618530273,17.399999618530273,17.399999618530273,17.399999618530273,10
2024-02-26,16.0,16.700000762939453,16.0,16.700000762939453,281
2024-02-27,17.399999618530273,17.399999618530273,17.399999618530273,17.399999618530273,10
2024-02-28,17.399999618530273,17.399999618530273,16.799999237060547,16.799999237060547,40
2024-02-29,17.399999618530273,17.399999618530273,16.799999237060547,16.799999237060547,70
2024-03-01,17.399999618530273,17.399999618530273,17.399999618530273,17.399999618530273,9
2024-03-04,17.399999618530273,17.399999618530273,17.399999618530273,17.399999618530273,10
2024-03-05,17.399999618530273,17.399999618530273,17.399999618530273,17.399999618530273,10
2024-03-06,17.399999618530273,17.399999618530273,17.399999618530273,17.399999618530273,11
2024-03-07,17.399999618530273,17.399999618530273,17.399999618530273,17.399999618530273,16
2024-03-08,17.399999618530273,17.399999618530273,16.700000762939453,16.700000762939453,6
2024-03-11,17.0,17.0,16.799999237060547,16.799999237060547,82
2024-03-12,17.399999618530273,17.399999618530273,15.699999809265137,16.100000381469727,1159
2024-03-13,15.5,15.5,15.5,15.5,95
2024-03-14,16.0,16.100000381469727,16.0,16.100000381469727,72
2024-03-15,17.399999618530273,17.399999618530273,16.200000762939453,16.200000762939453,8
2024-03-18,17.5,17.5,16.200000762939453,16.200000762939453,14
2024-03-19,17.5,17.5,16.200000762939453,16.200000762939453,3
2024-03-20,17.399999618530273,17.399999618530273,15.5,15.5,17
2024-03-21,17.399999618530273,17.399999618530273,16.200000762939453,16.200000762939453,16
2024-03-22,16.0,16.0,16.0,16.0,2
2024-03-25,17.399999618530273,17.399999618530273,16.100000381469727,16.200000762939453,77
2024-03-26,17.399999618530273,17.399999618530273,16.200000762939453,16.200000762939453,16
2024-03-27,17.399999618530273,17.399999618530273,15.699999809265137,15.699999809265137,257
2024-03-28,15.5,15.5,15.5,15.5,10
2024-04-02,15.5,15.5,15.5,15.5,10
2024-04-03,16.799999237060547,16.799999237060547,15.5,15.5,135
2024-04-04,16.799999237060547,16.799999237060547,16.100000381469727,16.799999237060547,1010
2024-04-05,16.700000762939453,16.700000762939453,16.700000762939453,16.700000762939453,121
2024-04-08,17.5,17.5,16.0,16.100000381469727,1975
2024-04-09,16.700000762939453,16.700000762939453,16.100000381469727,16.700000762939453,33
2024-04-10,17.5,17.5,17.5,17.5,10
2024-04-11,17.399999618530273,17.399999618530273,17.399999618530273,17.399999618530273,10
2024-04-12,17.399999618530273,17.399999618530273,16.0,16.0,310
2024-04-15,17.299999237060547,17.299999237060547,16.799999237060547,16.799999237060547,110
2024-04-16,16.700000762939453,16.700000762939453,16.700000762939453,16.700000762939453,10
2024-04-17,16.5,16.5,16.5,16.5,8
2024-04-18,16.5,16.600000381469727,16.5,16.600000381469727,122
2024-04-19,17.200000762939453,17.200000762939453,17.200000762939453,17.200000762939453,10
2024-04-22,17.200000762939453,17.200000762939453,17.200000762939453,17.200000762939453,10
2024-04-23,17.200000762939453,17.200000762939453,17.200000762939453,17.200000762939453,2
2024-04-24,17.200000762939453,17.200000762939453,17.200000762939453,17.200000762939453,10
2024-04-25,17.200000762939453,17.200000762939453,17.200000762939453,17.200000762939453,2
2024-04-26,17.200000762939453,17.200000762939453,17.200000762939453,17.200000762939453,2
2024-04-29,17.200000762939453,17.200000762939453,17.200000762939453,17.200000762939453,10
2024-04-30,17.200000762939453,17.200000762939453,17.200000762939453,17.200000762939453,2
2024-05-02,17.200000762939453,17.200000762939453,17.200000762939453,17.200000762939453,10
2024-05-06,17.200000762939453,17.200000762939453,17.200000762939453,17.200000762939453,1
2024-05-07,17.200000762939453,17.200000762939453,17.200000762939453,17.200000762939453,10
2024-05-08,17.200000762939453,17.200000762939453,17.200000762939453,17.200000762939453,10
2024-05-09,17.0,17.0,16.100000381469727,16.100000381469727,202
2024-05-10,16.700000762939453,17.200000762939453,16.700000762939453,17.0,14467
2024-05-13,17.5,17.5,17.5,17.5,10
2024-05-14,17.0,17.0,17.0,17.0,10
2024-05-15,17.5,17.5,17.5,17.5,10
2024-05-16,17.100000381469727,17.5,17.0,17.299999237060547,112
2024-05-17,17.5,18.0,17.299999237060547,18.0,1049
2024-05-20,18.0,18.0,17.299999237060547,17.299999237060547,620
2024-05-21,18.0,18.0,17.0,17.0,10
2024-05-22,18.0,18.0,18.0,18.0,10
2024-05-23,17.5,17.5,16.399999618530273,17.200000762939453,15
2024-05-24,17.5,17.5,17.0,17.0,11
2024-05-27,17.5,17.5,16.799999237060547,16.799999237060547,16
2024-05-28,17.5,17.5,17.200000762939453,17.200000762939453,310
2024-05-29,17.0,17.0,17.0,17.0,10
2024-05-31,16.799999237060547,16.799999237060547,16.799999237060547,16.799999237060547,45
2024-06-03,16.799999237060547,16.799999237060547,16.600000381469727,16.600000381469727,80
2024-06-04,16.799999237060547,16.799999237060547,16.799999237060547,16.799999237060547,45
2024-06-05,17.0,17.0,17.0,17.0,202
2024-06-06,17.0,17.0,17.0,17.0,184
2024-06-07,16.600000381469727,17.200000762939453,16.600000381469727,17.200000762939453,1210
2024-06-10,17.200000762939453,17.200000762939453,17.200000762939453,17.200000762939453,110
2024-06-11,17.200000762939453,17.200000762939453,17.0,17.0,27
2024-06-12,17.200000762939453,17.200000762939453,17.200000762939453,17.200000762939453,34
2024-06-13,17.200000762939453,18.0,17.200000762939453,18.0,9
2024-06-14,18.0,18.0,18.0,18.0,10
2024-06-17,18.0,18.0,17.399999618530273,17.399999618530273,291
2024-06-18,18.0,18.0,17.600000381469727,17.899999618530273,863
2024-06-19,17.899999618530273,17.899999618530273,17.899999618530273,17.899999618530273,75
2024-06-20,18.0,18.0,18.0,18.0,12
2024-06-21,18.0,18.0,16.799999237060547,16.799999237060547,536
2024-06-24,16.799999237060547,16.799999237060547,16.200000762939453,16.200000762939453,776
2024-06-25,16.200000762939453,16.799999237060547,16.200000762939453,16.799999237060547,6
2024-06-26,17.5,17.5,16.799999237060547,16.799999237060547,102
2024-06-27,17.0,17.0,17.0,17.0,10
2024-06-28,17.0,17.200000762939453,16.5,16.5,57
2024-07-01,17.0,17.0,17.0,17.0,10
2024-07-02,17.0,17.0,16.399999618530273,16.399999618530273,45
2024-07-03,17.0,17.0,16.5,16.5,120
2024-07-04,16.100000381469727,16.899999618530273,16.100000381469727,16.899999618530273,295
2024-07-05,17.0,17.0,17.0,17.0,10
2024-07-08,17.5,17.5,17.5,17.5,4
2024-07-09,17.5,17.5,16.399999618530273,16.399999618530273,166
2024-07-10,17.399999618530273,18.0,17.100000381469727,18.0,927
2024-07-11,18.0,18.0,18.0,18.0,1237
2024-07-12,18.0,18.0,18.0,18.0,287
2024-07-15,18.0,18.0,18.0,18.0,10
2024-07-16,18.0,18.0,17.600000381469727,17.600000381469727,162
2024-07-17,18.0,18.0,18.0,18.0,10
2024-07-18,18.0,18.0,17.5,17.5,14
2024-07-19,17.899999618530273,18.0,17.899999618530273,18.0,207
2024-07-22,18.0,18.0,18.0,18.0,6
2024-07-23,18.0,18.0,18.0,18.0,17
2024-07-24,18.0,18.0,18.0,18.0,1
2024-07-25,18.0,18.0,18.0,18.0,1
2024-07-26,18.0,18.0,17.0,17.899999618530273,625
2024-07-29,17.899999618530273,17.899999618530273,17.100000381469727,17.899999618530273,603
2024-07-30,17.899999618530273,17.899999618530273,17.899999618530273,17.899999618530273,2
2024-07-31,17.899999618530273,17.899999618530273,17.899999618530273,17.899999618530273,1
2024-08-01,17.899999618530273,17.899999618530273,17.899999618530273,17.899999618530273,1
2024-08-02,17.899999618530273,17.899999618530273,17.899999618530273,17.899999618530273,1
2024-08-05,17.5,17.5,17.5,17.5,160
2024-08-06,17.5,17.5,17.5,17.5,66
2024-08-07,17.5,18.399999618530273,17.5,18.399999618530273,10
2024-08-08,18.299999237060547,18.299999237060547,18.299999237060547,18.299999237060547,10
2024-08-09,18.299999237060547,20.0,17.799999237060547,20.0,3862
2024-08-12,19.799999237060547,19.899999618530273,19.200000762939453,19.200000762939453,235
2024-08-13,19.899999618530273,19.899999618530273,19.799999237060547,19.799999237060547,15
2024-08-14,19.799999237060547,19.799999237060547,19.200000762939453,19.799999237060547,674
2024-08-16,19.799999237060547,19.799999237060547,19.799999237060547,19.799999237060547,10
2024-08-19,19.799999237060547,19.799999237060547,19.799999237060547,19.799999237060547,10
2024-08-20,19.799999237060547,19.799999237060547,19.799999237060547,19.799999237060547,10
2024-08-21,19.799999237060547,19.799999237060547,19.799999237060547,19.799999237060547,10
2024-08-22,19.799999237060547,19.799999237060547,19.799999237060547,19.799999237060547,10
2024-08-23,19.799999237060547,19.799999237060547,19.799999237060547,19.799999237060547,10
2024-08-26,19.799999237060547,19.799999237060547,19.100000381469727,19.100000381469727,1460
2024-08-27,19.100000381469727,19.799999237060547,19.100000381469727,19.799999237060547,1134
2024-08-28,18.899999618530273,19.100000381469727,18.899999618530273,19.0,47
2024-08-29,19.700000762939453,19.799999237060547,19.700000762939453,19.799999237060547,408
2024-08-30,19.799999237060547,19.799999237060547,19.799999237060547,19.799999237060547,11
2024-09-02,19.799999237060547,19.799999237060547,19.799999237060547,19.799999237060547,310
2024-09-03,19.799999237060547,19.799999237060547,19.799999237060547,19.799999237060547,710
2024-09-04,19.799999237060547,19.799999237060547,19.799999237060547,19.799999237060547,23
2024-09-05,19.799999237060547,19.799999237060547,19.0,19.0,38
2024-09-06,19.600000381469727,19.799999237060547,18.100000381469727,19.799999237060547,1558
2024-09-09,19.700000762939453,19.799999237060547,19.700000762939453,19.799999237060547,31
2024-09-10,19.799999237060547,19.799999237060547,19.799999237060547,19.799999237060547,22
2024-09-11,19.799999237060547,19.799999237060547,19.200000762939453,19.799999237060547,17
2024-09-12,19.799999237060547,19.799999237060547,19.100000381469727,19.100000381469727,6
2024-09-13,19.799999237060547,19.799999237060547,19.799999237060547,19.799999237060547,1
2024-09-16,19.700000762939453,19.799999237060547,19.700000762939453,19.799999237060547,10
2024-09-17,19.799999237060547,19.799999237060547,19.799999237060547,19.799999237060547,10
2024-09-18,19.799999237060547,19.799999237060547,19.799999237060547,19.799999237060547,10
2024-09-19,19.799999237060547,19.799999237060547,19.200000762939453,19.799999237060547,13
2024-09-20,19.700000762939453,19.799999237060547,19.100000381469727,19.100000381469727,739
2024-09-23,19.5,19.5,19.100000381469727,19.100000381469727,517
2024-09-24,19.5,19.799999237060547,19.399999618530273,19.700000762939453,328
2024-09-25,19.600000381469727,19.600000381469727,19.600000381469727,19.600000381469727,10
2024-09-26,19.600000381469727,19.600000381469727,19.600000381469727,19.600000381469727,10
2024-09-27,19.600000381469727,19.600000381469727,19.600000381469727,19.600000381469727,2
2024-09-30,19.799999237060547,19.799999237060547,19.799999237060547,19.799999237060547,10
2024-10-01,19.200000762939453,19.200000762939453,19.200000762939453,19.200000762939453,10
2024-10-02,19.200000762939453,19.200000762939453,19.200000762939453,19.200000762939453,286
2024-10-03,19.399999618530273,19.399999618530273,18.799999237060547,18.799999237060547,36
2024-10-04,19.299999237060547,19.399999618530273,19.299999237060547,19.399999618530273,10
2024-10-07,19.399999618530273,19.399999618530273,19.399999618530273,19.399999618530273,110
2024-10-08,19.399999618530273,19.399999618530273,19.399999618530273,19.399999618530273,16
2024-10-09,19.399999618530273,19.399999618530273,18.799999237060547,18.899999618530273,28
2024-10-10,18.799999237060547,19.399999618530273,18.799999237060547,19.399999618530273,37
2024-10-11,19.399999618530273,19.399999618530273,19.399999618530273,19.399999618530273,10
2024-10-14,19.399999618530273,19.399999618530273,19.399999618530273,19.399999618530273,10
2024-10-15,19.399999618530273,19.399999618530273,19.399999618530273,19.399999618530273,10
2024-10-16,19.399999618530273,19.399999618530273,19.399999618530273,19.399999618530273,10
2024-10-17,19.399999618530273,19.399999618530273,19.399999618530273,19.399999618530273,2
2024-10-18,19.399999618530273,19.399999618530273,19.399999618530273,19.399999618530273,10
2024-10-21,19.399999618530273,19.399999618530273,18.899999618530273,18.899999618530273,16
2024-10-22,19.399999618530273,19.399999618530273,19.399999618530273,19.399999618530273,10
2024-10-23,19.399999618530273,19.399999618530273,19.399999618530273,19.399999618530273,10
2024-10-24,19.399999618530273,19.399999618530273,19.399999618530273,19.399999618530273,10
2024-10-25,19.399999618530273,19.399999618530273,19.399999618530273,19.399999618530273,1
2024-10-28,19.399999618530273,19.399999618530273,18.799999237060547,18.799999237060547,20
2024-10-29,19.399999618530273,19.399999618530273,19.399999618530273,19.399999618530273,10
2024-10-30,19.399999618530273,19.399999618530273,18.799999237060547,18.799999237060547,146
2024-10-31,19.299999237060547,19.299999237060547,19.299999237060547,19.299999237060547,10
2024-11-04,19.299999237060547,19.299999237060547,19.299999237060547,19.299999237060547,10
2024-11-05,19.200000762939453,19.299999237060547,19.200000762939453,19.299999237060547,16
2024-11-06,19.100000381469727,19.100000381469727,19.100000381469727,19.100000381469727,3
2024-11-07,19.100000381469727,19.100000381469727,18.799999237060547,18.799999237060547,94
2024-11-08,19.0,19.0,19.0,19.0,1
2024-11-12,19.0,19.200000762939453,18.399999618530273,19.200000762939453,147
2024-11-13,19.200000762939453,19.200000762939453,19.200000762939453,19.200000762939453,10
2024-11-14,19.200000762939453,19.200000762939453,19.200000762939453,19.200000762939453,10
2024-11-15,19.200000762939453,19.200000762939453,19.200000762939453,19.200000762939453,10
2024-11-18,19.200000762939453,19.200000762939453,19.200000762939453,19.200000762939453,21
2024-11-19,19.200000762939453,19.200000762939453,19.200000762939453,19.200000762939453,10
2024-11-20,19.200000762939453,19.200000762939453,19.200000762939453,19.200000762939453,10
2024-11-21,19.200000762939453,19.200000762939453,19.200000762939453,19.200000762939453,10
2024-11-22,19.200000762939453,19.200000762939453,19.200000762939453,19.200000762939453,110
2024-11-25,19.200000762939453,19.200000762939453,19.200000762939453,19.200000762939453,1166
2024-11-26,19.200000762939453,19.200000762939453,19.200000762939453,19.200000762939453,296
2024-11-27,19.200000762939453,19.200000762939453,19.100000381469727,19.100000381469727,90
2024-11-28,19.200000762939453,19.200000762939453,19.200000762939453,19.200000762939453,10
2024-11-29,19.0,19.0,19.0,19.0,10
2024-12-02,19.0,19.0,19.0,19.0,10
2024-12-03,19.0,19.0,18.700000762939453,18.700000762939453,103
2024-12-04,18.899999618530273,18.899999618530273,18.899999618530273,18.899999618530273,10
2024-12-05,18.899999618530273,18.899999618530273,18.899999618530273,18.899999618530273,10
2024-12-06,18.899999618530273,18.899999618530273,18.899999618530273,18.899999618530273,10
2024-12-09,18.899999618530273,18.899999618530273,18.899999618530273,18.899999618530273,10
2024-12-10,18.899999618530273,18.899999618530273,18.899999618530273,18.899999618530273,10
2024-12-11,18.899999618530273,18.899999618530273,18.600000381469727,18.600000381469727,60
2024-12-12,18.899999618530273,18.899999618530273,18.899999618530273,18.899999618530273,273
2024-12-13,18.899999618530273,18.899999618530273,18.899999618530273,18.899999618530273,0
2024-12-16,18.899999618530273,18.899999618530273,18.5,18.899999618530273,351
2024-12-17,18.899999618530273,18.899999618530273,18.899999618530273,18.899999618530273,509
2024-12-18,18.899999618530273,18.899999618530273,18.899999618530273,18.899999618530273,2015
2024-12-19,18.799999237060547,18.799999237060547,18.799999237060547,18.799999237060547,1010
2024-12-20,18.799999237060547,18.799999237060547,18.799999237060547,18.799999237060547,376
2024-12-23,18.799999237060547,18.799999237060547,18.799999237060547,18.799999237060547,160
2024-12-27,18.799999237060547,20.600000381469727,18.799999237060547,20.0,12443
2024-12-30,19.899999618530273,20.399999618530273,19.0,19.0,8717
2025-01-02,19.5,19.899999618530273,18.0,19.299999237060547,1404
2025-01-03,19.299999237060547,19.299999237060547,19.299999237060547,19.299999237060547,78
2025-01-07,20.0,20.0,19.399999618530273,19.399999618530273,11
2025-01-08,20.0,20.0,20.0,20.0,10
2025-01-09,20.0,20.0,20.0,20.0,10
2025-01-10,19.799999237060547,19.799999237060547,19.399999618530273,19.399999618530273,36
2025-01-13,18.0,18.700000762939453,18.0,18.700000762939453,1044
2025-01-14,19.299999237060547,19.299999237060547,18.700000762939453,18.700000762939453,25
2025-01-15,19.299999237060547,19.299999237060547,18.700000762939453,18.700000762939453,66
2025-01-16,19.299999237060547,19.299999237060547,19.299999237060547,19.299999237060547,7
2025-01-17,19.299999237060547,19.299999237060547,19.299999237060547,19.299999237060547,1
2025-01-20,19.299999237060547,19.299999237060547,19.299999237060547,19.299999237060547,11
2025-01-21,19.299999237060547,19.299999237060547,19.299999237060547,19.299999237060547,10
2025-01-22,19.299999237060547,19.299999237060547,19.299999237060547,19.299999237060547,21
2025-01-23,19.299999237060547,19.299999237060547,18.700000762939453,18.700000762939453,20
2025-01-24,19.299999237060547,19.299999237060547,18.700000762939453,18.700000762939453,52
2025-01-27,19.299999237060547,19.299999237060547,18.700000762939453,18.700000762939453,115
2025-01-28,19.299999237060547,19.299999237060547,19.299999237060547,19.299999237060547,10
2025-01-29,19.299999237060547,19.5,18.5,18.5,1374
2025-01-30,19.200000762939453,20.200000762939453,18.899999618530273,20.200000762939453,2865
2025-01-31,20.200000762939453,20.200000762939453,19.799999237060547,20.200000762939453,602
2025-02-03,20.0,20.200000762939453,19.299999237060547,20.0,431
2025-02-04,19.799999237060547,19.799999237060547,19.799999237060547,19.799999237060547,269
2025-02-05,20.0,20.0,19.899999618530273,19.899999618530273,123
2025-02-06,20.0,21.799999237060547,19.799999237060547,20.200000762939453,3110
2025-02-07,20.200000762939453,22.200000762939453,20.200000762939453,22.200000762939453,1308
2025-02-10,22.200000762939453,23.799999237060547,21.200000762939453,23.799999237060547,1197
2025-02-11,23.799999237060547,25.0,23.399999618530273,23.399999618530273,1225
2025-02-12,24.399999618530273,24.399999618530273,24.0,24.200000762939453,194
2025-02-13,24.399999618530273,24.399999618530273,24.200000762939453,24.200000762939453,20
2025-02-14,24.0,24.0,24.0,24.0,10
2025-02-17,24.0,24.399999618530273,22.200000762939453,24.399999618530273,1893
2025-02-18,22.399999618530273,23.600000381469727,22.399999618530273,22.799999237060547,621
2025-02-19,23.0,23.0,23.0,23.0,58
2025-02-20,22.799999237060547,23.200000762939453,22.399999618530273,23.200000762939453,108
2025-02-21,22.399999618530273,22.399999618530273,22.399999618530273,22.399999618530273,10
2025-02-24,22.600000381469727,22.600000381469727,22.600000381469727,22.600000381469727,10
2025-02-25,24.0,24.0,22.399999618530273,23.200000762939453,106
2025-02-26,24.0,24.200000762939453,23.200000762939453,23.799999237060547,549
2025-02-27,24.200000762939453,24.200000762939453,22.799999237060547,23.799999237060547,120
2025-02-28,24.200000762939453,24.200000762939453,23.799999237060547,23.799999237060547,24
2025-03-03,24.200000762939453,24.200000762939453,23.799999237060547,23.799999237060547,20
2025-03-04,24.200000762939453,24.200000762939453,24.200000762939453,24.200000762939453,110
2025-03-05,24.0,24.0,23.799999237060547,23.799999237060547,266
2025-03-06,23.799999237060547,23.799999237060547,23.0,23.0,40
2025-03-07,23.200000762939453,23.200000762939453,23.200000762939453,23.200000762939453,10
2025-03-10,22.799999237060547,22.799999237060547,22.200000762939453,22.200000762939453,392
2025-03-11,22.799999237060547,24.0,22.799999237060547,24.0,510
2025-03-12,23.200000762939453,23.399999618530273,23.200000762939453,23.399999618530273,122
2025-03-13,23.0,23.200000762939453,22.600000381469727,23.200000762939453,166
2025-03-14,23.600000381469727,23.600000381469727,23.600000381469727,23.600000381469727,31
2025-03-17,23.600000381469727,24.0,23.600000381469727,24.0,2914
2025-03-18,24.0,24.0,24.0,24.0,10
2025-03-19,24.0,24.200000762939453,24.0,24.200000762939453,402
2025-03-20,24.0,24.0,23.399999618530273,23.799999237060547,542
2025-03-21,23.0,23.799999237060547,22.799999237060547,23.799999237060547,520
2025-03-24,24.0,24.0,24.0,24.0,10
2025-03-25,24.0,24.0,22.200000762939453,23.200000762939453,112
2025-03-26,24.0,24.0,22.200000762939453,23.0,694
2025-03-27,23.0,23.0,22.0,22.399999618530273,608
2025-03-28,23.799999237060547,23.799999237060547,23.799999237060547,23.799999237060547,10
2025-03-31,22.399999618530273,22.399999618530273,22.399999618530273,22.399999618530273,14
2025-04-01,23.799999237060547,23.799999237060547,23.799999237060547,23.799999237060547,12
2025-04-02,21.799999237060547,21.799999237060547,21.799999237060547,21.799999237060547,34
2025-04-03,23.799999237060547,23.799999237060547,23.799999237060547,23.799999237060547,10
2025-04-04,23.799999237060547,23.799999237060547,21.600000381469727,21.600000381469727,105
2025-04-07,21.600000381469727,23.399999618530273,20.799999237060547,21.200000762939453,656
2025-04-08,21.399999618530273,21.399999618530273,21.200000762939453,21.200000762939453,361
2025-04-09,21.399999618530273,21.600000381469727,21.399999618530273,21.600000381469727,30
2025-04-10,23.399999618530273,24.0,21.600000381469727,21.600000381469727,270
2025-04-11,23.799999237060547,23.799999237060547,21.600000381469727,21.600000381469727,30
2025-04-14,20.600000381469727,21.600000381469727,20.600000381469727,21.600000381469727,639
2025-04-15,22.799999237060547,23.600000381469727,20.600000381469727,20.600000381469727,687
2025-04-16,21.399999618530273,21.399999618530273,19.600000381469727,19.899999618530273,1080
2025-04-17,19.899999618530273,21.0,19.899999618530273,19.899999618530273,1042
2025-04-22,19.799999237060547,19.799999237060547,19.799999237060547,19.799999237060547,10
2025-04-23,19.5,21.399999618530273,19.5,20.399999618530273,749
2025-04-24,20.600000381469727,20.799999237060547,20.600000381469727,20.799999237060547,11
2025-04-25,22.600000381469727,22.600000381469727,20.799999237060547,21.0,160
2025-04-28,21.0,21.0,21.0,21.0,0
2025-04-29,22.600000381469727,22.799999237060547,22.600000381469727,22.799999237060547,259
2025-04-30,23.0,23.0,23.0,23.0,10
2025-05-02,23.0,23.0,22.0,22.0,371
2025-05-05,23.799999237060547,23.799999237060547,21.600000381469727,22.399999618530273,1244
2025-05-06,22.799999237060547,22.799999237060547,20.799999237060547,20.799999237060547,1020
2025-05-07,21.0,21.399999618530273,21.0,21.399999618530273,306
2025-05-08,21.0,21.399999618530273,21.0,21.399999618530273,48
2025-05-09,21.399999618530273,21.600000381469727,21.399999618530273,21.600000381469727,101
2025-05-12,21.600000381469727,21.600000381469727,20.399999618530273,21.0,1610
2025-05-13,22.399999618530273,22.399999618530273,21.0,21.0,32
2025-05-14,21.0,21.0,21.0,21.0,2
2025-05-15,20.799999237060547,21.0,20.0,20.200000762939453,574
2025-05-16,20.200000762939453,20.600000381469727,20.0,20.600000381469727,517
2025-05-19,20.200000762939453,22.200000762939453,20.200000762939453,20.600000381469727,75
2025-05-20,20.600000381469727,22.399999618530273,19.600000381469727,22.399999618530273,1646
2025-05-21,20.799999237060547,20.799999237060547,19.700000762939453,20.799999237060547,56
2025-05-22,22.0,22.0,19.899999618530273,19.899999618530273,924
2025-05-23,20.0,21.600000381469727,20.0,21.600000381469727,104
2025-05-26,21.600000381469727,21.600000381469727,21.600000381469727,21.600000381469727,10
2025-05-27,21.0,22.200000762939453,20.200000762939453,22.200000762939453,1010
2025-05-28,21.600000381469727,21.600000381469727,21.0,21.0,38
2025-05-29,21.600000381469727,21.600000381469727,21.600000381469727,21.600000381469727,10
2025-05-30,21.399999618530273,21.399999618530273,20.0,20.399999618530273,5908
2025-06-02,19.899999618530273,20.399999618530273,19.5,20.399999618530273,722
2025-06-03,20.200000762939453,20.200000762939453,20.200000762939453,20.200000762939453,10
2025-06-04,20.600000381469727,20.600000381469727,20.200000762939453,20.200000762939453,410
2025-06-05,20.399999618530273,22.0,19.700000762939453,20.799999237060547,1222
2025-06-06,21.600000381469727,21.600000381469727,21.600000381469727,21.600000381469727,10
2025-06-09,21.799999237060547,22.799999237060547,21.399999618530273,21.399999618530273,1150
2025-06-10,21.600000381469727,22.0,21.600000381469727,21.799999237060547,20
2025-06-11,21.799999237060547,21.799999237060547,21.799999237060547,21.799999237060547,212
2025-06-12,22.200000762939453,22.200000762939453,22.200000762939453,22.200000762939453,10
2025-06-13,22.0,23.399999618530273,20.399999618530273,21.0,3430
2025-06-16,21.799999237060547,21.799999237060547,21.0,21.0,321
2025-06-17,21.399999618530273,21.399999618530273,21.200000762939453,21.399999618530273,110
2025-06-18,21.399999618530273,21.399999618530273,21.399999618530273,21.399999618530273,10
2025-06-20,19.5,21.200000762939453,19.5,20.600000381469727,600
2025-06-23,21.399999618530273,21.399999618530273,21.399999618530273,21.399999618530273,10
2025-06-24,21.799999237060547,21.799999237060547,21.799999237060547,21.799999237060547,10
2025-06-25,19.700000762939453,21.0,19.700000762939453,21.0,610
2025-06-26,20.600000381469727,20.600000381469727,20.600000381469727,20.600000381469727,50
2025-06-27,21.200000762939453,21.200000762939453,20.0,20.0,87
2025-06-30,21.0,21.0,21.0,21.0,10
2025-07-01,21.0,21.0,20.0,20.799999237060547,360
2025-07-02,20.799999237060547,20.799999237060547,20.0,20.600000381469727,53
2025-07-03,20.799999237060547,20.799999237060547,20.799999237060547,20.799999237060547,10
2025-07-04,20.799999237060547,20.799999237060547,20.799999237060547,20.799999237060547,10
2025-07-07,20.799999237060547,20.799999237060547,19.899999618530273,20.600000381469727,132
2025-07-08,20.799999237060547,20.799999237060547,20.799999237060547,20.799999237060547,10
2025-07-09,20.799999237060547,20.799999237060547,20.799999237060547,20.799999237060547,6
2025-07-10,20.799999237060547,20.799999237060547,20.799999237060547,20.799999237060547,148
2025-07-11,20.799999237060547,20.799999237060547,20.799999237060547,20.799999237060547,10
2025-07-14,20.799999237060547,20.799999237060547,20.0,20.600000381469727,18
2025-07-15,20.799999237060547,20.799999237060547,20.799999237060547,20.799999237060547,10
2025-07-16,20.799999237060547,20.799999237060547,20.799999237060547,20.799999237060547,10
2025-07-17,20.799999237060547,20.799999237060547,19.899999618530273,19.899999618530273,90
2025-07-18,20.799999237060547,20.799999237060547,20.0,20.0,140
2025-07-21,20.799999237060547,20.799999237060547,20.799999237060547,20.799999237060547,10
2025-07-22,20.799999237060547,20.799999237060547,19.899999618530273,20.399999618530273,138
2025-07-23,20.799999237060547,20.799999237060547,20.799999237060547,20.799999237060547,10
2025-07-24,20.799999237060547,20.799999237060547,20.799999237060547,20.799999237060547,101
2025-07-25,20.799999237060547,20.799999237060547,20.799999237060547,20.799999237060547,2
2025-07-28,20.799999237060547,20.799999237060547,20.799999237060547,20.799999237060547,1
2025-07-29,20.799999237060547,20.799999237060547,20.799999237060547,20.799999237060547,1
2025-07-30,20.799999237060547,20.799999237060547,20.799999237060547,20.799999237060547,1
2025-07-31,20.799999237060547,20.799999237060547,20.799999237060547,20.799999237060547,39
2025-08-01,20.799999237060547,20.799999237060547,20.799999237060547,20.799999237060547,1
2025-08-04,20.799999237060547,20.799999237060547,20.799999237060547,20.799999237060547,11
2025-08-05,19.899999618530273,20.600000381469727,19.899999618530273,20.600000381469727,3
2025-08-06,20.600000381469727,20.600000381469727,20.600000381469727,20.600000381469727,15
2025-08-07,20.600000381469727,20.600000381469727,20.0,20.0,124
2025-08-08,20.600000381469727,20.600000381469727,20.600000381469727,20.600000381469727,1
2025-08-11,20.600000381469727,20.600000381469727,20.600000381469727,20.600000381469727,3
2025-08-12,20.600000381469727,20.600000381469727,20.600000381469727,20.600000381469727,1
2025-08-13,21.600000381469727,21.600000381469727,21.600000381469727,21.600000381469727,1
2025-08-14,20.200000762939453,22.399999618530273,20.200000762939453,20.600000381469727,19
2025-08-18,22.399999618530273,22.399999618530273,20.799999237060547,21.0,108
2025-08-19,22.399999618530273,22.399999618530273,22.399999618530273,22.399999618530273,10
2025-08-20,22.399999618530273,22.399999618530273,20.600000381469727,21.0,659
2025-08-21,21.200000762939453,21.200000762939453,21.200000762939453,21.200000762939453,10
2025-08-22,21.200000762939453,21.200000762939453,20.0,20.799999237060547,232
2025-08-25,21.200000762939453,21.200000762939453,21.200000762939453,21.200000762939453,80
2025-08-26,21.799999237060547,21.799999237060547,21.799999237060547,21.799999237060547,2
2025-08-27,21.799999237060547,21.799999237060547,21.799999237060547,21.799999237060547,10
2025-08-28,20.799999237060547,21.799999237060547,20.799999237060547,21.799999237060547,10
2025-08-29,21.799999237060547,21.799999237060547,21.799999237060547,21.799999237060547,10
2025-09-01,21.799999237060547,21.799999237060547,21.799999237060547,21.799999237060547,10
2025-09-02,21.799999237060547,21.799999237060547,21.799999237060547,21.799999237060547,10
2025-09-03,21.799999237060547,21.799999237060547,21.799999237060547,21.799999237060547,10
2025-09-04,21.799999237060547,21.799999237060547,21.799999237060547,21.799999237060547,10
2025-09-05,21.799999237060547,21.799999237060547,21.799999237060547,21.799999237060547,10
2025-09-08,21.799999237060547,21.799999237060547,20.0,20.0,53
2025-09-09,20.0,21.0,20.0,20.399999618530273,1001
2025-09-10,21.799999237060547,21.799999237060547,20.0,20.200000762939453,1006
2025-09-11,19.5,20.399999618530273,19.5,20.399999618530273,285
2025-09-12,19.5,19.700000762939453,19.5,19.700000762939453,510
2025-09-15,19.700000762939453,20.200000762939453,19.700000762939453,20.200000762939453,101
2025-09-16,19.5,20.200000762939453,19.5,20.200000762939453,403
2025-09-17,20.0,20.200000762939453,19.399999618530273,20.200000762939453,1076
2025-09-18,19.399999618530273,19.899999618530273,19.399999618530273,19.899999618530273,1112
2025-09-19,19.700000762939453,20.0,19.700000762939453,20.0,86
2025-09-22,20.399999618530273,20.399999618530273,20.200000762939453,20.200000762939453,110
2025-09-23,20.399999618530273,20.399999618530273,20.399999618530273,20.399999618530273,18
2025-09-24,20.399999618530273,20.399999618530273,20.399999618530273,20.399999618530273,10
2025-09-25,20.399999618530273,20.399999618530273,20.399999618530273,20.399999618530273,10
2025-09-26,20.399999618530273,20.399999618530273,20.399999618530273,20.399999618530273,10
2025-09-29,20.399999618530273,20.399999618530273,20.399999618530273,20.399999618530273,10
2025-09-30,20.399999618530273,20.399999618530273,19.0,19.0,638
2025-10-01,19.799999237060547,19.899999618530273,19.799999237060547,19.899999618530273,418
2025-10-02,20.399999618530273,20.399999618530273,20.200000762939453,20.200000762939453,108
2025-10-03,20.399999618530273,20.399999618530273,19.299999237060547,20.0,65
2025-10-06,20.0,20.200000762939453,20.0,20.200000762939453,125
2025-10-07,20.600000381469727,20.600000381469727,20.200000762939453,20.200000762939453,17
2025-10-08,20.0,20.0,20.0,20.0,15
2025-10-09,21.0,21.0,20.200000762939453,20.200000762939453,110
2025-10-10,21.0,21.799999237060547,20.200000762939453,21.799999237060547,561
2025-10-13,21.799999237060547,21.799999237060547,19.799999237060547,19.799999237060547,391
2025-10-14,19.799999237060547,20.200000762939453,19.600000381469727,20.200000762939453,306
2025-10-15,19.600000381469727,20.600000381469727,19.600000381469727,20.399999618530273,109
2025-10-16,20.0,20.0,19.600000381469727,20.0,187
2025-10-17,19.600000381469727,19.600000381469727,19.600000381469727,19.600000381469727,6
2025-10-20,19.600000381469727,19.600000381469727,19.600000381469727,19.600000381469727,60
2025-10-21,19.600000381469727,19.600000381469727,19.5,19.5,12
2025-10-22,19.899999618530273,19.899999618530273,19.399999618530273,19.899999618530273,240
2025-10-23,19.700000762939453,19.700000762939453,19.700000762939453,19.700000762939453,10
2025-10-24,19.600000381469727,19.600000381469727,19.100000381469727,19.600000381469727,77
2025-10-27,19.600000381469727,19.600000381469727,19.600000381469727,19.600000381469727,16
2025-10-28,19.600000381469727,19.600000381469727,19.600000381469727,19.600000381469727,82
2025-10-29,19.899999618530273,19.899999618530273,19.899999618530273,19.899999618530273,10
2025-10-30,19.700000762939453,19.700000762939453,19.700000762939453,19.700000762939453,57
2025-10-31,19.700000762939453,19.700000762939453,19.100000381469727,19.100000381469727,275
2025-11-03,19.100000381469727,19.5,19.100000381469727,19.5,618
2025-11-04,19.799999237060547,19.799999237060547,19.799999237060547,19.799999237060547,25
2025-11-05,19.5,19.899999618530273,19.399999618530273,19.899999618530273,360
2025-11-06,19.299999237060547,19.299999237060547,19.299999237060547,19.299999237060547,73
2025-11-07,19.299999237060547,19.299999237060547,19.299999237060547,19.299999237060547,10
2025-11-10,19.299999237060547,19.5,19.299999237060547,19.5,70
2025-11-12,19.5,19.5,19.200000762939453,19.200000762939453,389
2025-11-13,19.799999237060547,19.799999237060547,19.799999237060547,19.799999237060547,47
2025-11-14,19.799999237060547,19.799999237060547,19.799999237060547,19.799999237060547,2
2025-11-17,19.799999237060547,19.799999237060547,19.799999237060547,19.799999237060547,10
2025-11-18,19.799999237060547,19.799999237060547,19.600000381469727,19.600000381469727,25
2025-11-19,19.600000381469727,19.600000381469727,19.600000381469727,19.600000381469727,10
2025-11-20,19.899999618530273,19.899999618530273,19.899999618530273,19.899999618530273,10
2025-11-21,19.899999618530273,19.899999618530273,19.899999618530273,19.899999618530273,10
2025-11-24,19.799999237060547,19.799999237060547,19.799999237060547,19.799999237060547,15
2025-11-25,19.899999618530273,19.899999618530273,19.200000762939453,19.200000762939453,110
2025-11-26,19.200000762939453,19.200000762939453,19.200000762939453,19.200000762939453,130
2025-11-27,19.899999618530273,19.899999618530273,19.200000762939453,19.200000762939453,42
2025-11-28,19.200000762939453,19.200000762939453,19.200000762939453,19.200000762939453,307
2025-12-01,19.200000762939453,19.200000762939453,19.200000762939453,19.200000762939453,431
2025-12-02,19.700000762939453,19.700000762939453,19.200000762939453,19.200000762939453,210
2025-12-03,19.600000381469727,19.600000381469727,19.100000381469727,19.600000381469727,572
2025-12-04,19.5,19.600000381469727,19.200000762939453,19.600000381469727,363
2025-12-05,19.600000381469727,19.700000762939453,19.600000381469727,19.700000762939453,13
2025-12-08,19.700000762939453,19.700000762939453,19.700000762939453,19.700000762939453,20
2025-12-09,20.600000381469727,20.600000381469727,19.899999618530273,19.899999618530273,27
2025-12-10,19.899999618530273,19.899999618530273,19.899999618530273,19.899999618530273,7
2025-12-11,19.899999618530273,19.899999618530273,19.899999618530273,19.899999618530273,2
2025-12-12,19.899999618530273,19.899999618530273,19.899999618530273,19.899999618530273,1
2025-12-15,19.799999237060547,19.799999237060547,19.0,19.799999237060547,720
2025-12-16,19.700000762939453,19.700000762939453,18.899999618530273,18.899999618530273,11
2025-12-17,18.899999618530273,18.899999618530273,18.899999618530273,18.899999618530273,10
2025-12-18,19.299999237060547,19.299999237060547,19.299999237060547,19.299999237060547,10
2025-12-19,19.299999237060547,19.399999618530273,19.299999237060547,19.399999618530273,43
2025-12-22,19.799999237060547,19.799999237060547,19.799999237060547,19.799999237060547,64
2025-12-23,19.799999237060547,19.799999237060547,19.799999237060547,19.799999237060547,10
2025-12-29,19.899999618530273,19.899999618530273,19.399999618530273,19.399999618530273,251
2025-12-30,19.600000381469727,19.600000381469727,19.600000381469727,19.600000381469727,10
2026-01-02,19.600000381469727,19.700000762939453,18.799999237060547,19.700000762939453,803
2026-01-05,19.600000381469727,19.600000381469727,18.5,19.399999618530273,1665
2026-01-07,18.5,18.5,18.5,18.5,110
2026-01-08,18.5,19.600000381469727,18.5,19.399999618530273,33
2026-01-09,19.200000762939453,19.399999618530273,18.5,19.299999237060547,620
2026-01-12,17.600000381469727,18.899999618530273,17.600000381469727,18.799999237060547,932
2026-01-13,19.0,19.0,19.0,19.0,1
2026-01-14,18.799999237060547,18.799999237060547,18.5,18.5,131
2026-01-15,19.0,19.0,18.899999618530273,18.899999618530273,218
2026-01-16,18.799999237060547,20.0,18.5,18.5,1999
2026-01-19,18.799999237060547,18.799999237060547,18.799999237060547,18.799999237060547,75
2026-01-20,19.100000381469727,19.200000762939453,19.100000381469727,19.200000762939453,351
2026-01-21,19.799999237060547,19.799999237060547,19.200000762939453,19.200000762939453,16
2026-01-22,19.799999237060547,19.799999237060547,19.200000762939453,19.200000762939453,47
2026-01-23,19.799999237060547,19.799999237060547,19.200000762939453,19.200000762939453,502
2026-01-26,19.399999618530273,19.399999618530273,19.200000762939453,19.200000762939453,116
2026-01-27,19.200000762939453,19.200000762939453,19.200000762939453,19.200000762939453,110
2026-01-28,19.200000762939453,19.399999618530273,18.899999618530273,19.399999618530273,220
2026-01-29,19.399999618530273,19.399999618530273,19.399999618530273,19.399999618530273,10
2026-01-30,19.299999237060547,19.299999237060547,19.299999237060547,19.299999237060547,10
2026-02-02,19.399999618530273,19.399999618530273,19.299999237060547,19.399999618530273,10
2026-02-03,19.299999237060547,19.299999237060547,18.799999237060547,19.299999237060547,1049
2026-02-04,19.299999237060547,19.299999237060547,18.799999237060547,18.799999237060547,13
2026-02-05,17.200000762939453,17.899999618530273,16.200000762939453,16.700000762939453,3463
2026-02-06,16.700000762939453,17.399999618530273,16.700000762939453,17.399999618530273,947
2026-02-09,19.0,19.299999237060547,18.200000762939453,19.100000381469727,3359
2026-02-10,18.799999237060547,19.100000381469727,18.799999237060547,19.100000381469727,59
2026-02-11,18.799999237060547,19.399999618530273,18.5,18.5,2057
2026-02-12,19.299999237060547,19.299999237060547,19.0,19.0,418
2026-02-13,19.0,19.0,18.200000762939453,18.200000762939453,232
2026-02-16,19.0,19.0,17.600000381469727,19.0,1457
2026-02-17,19.100000381469727,19.100000381469727,18.5,18.5,30
2026-02-18,19.100000381469727,19.100000381469727,19.100000381469727,19.100000381469727,10
2026-02-19,19.100000381469727,19.100000381469727,18.600000381469727,18.600000381469727,32
2026-02-20,19.100000381469727,19.100000381469727,18.799999237060547,18.799999237060547,11
2026-02-23,19.100000381469727,19.100000381469727,18.5,18.5,161
2026-02-24,18.5,18.5,18.5,18.5,10
2026-02-25,18.5,18.5,18.5,18.5,10
2026-02-26,18.5,18.5,18.5,18.5,10
2026-02-27,18.5,19.100000381469727,18.399999618530273,19.100000381469727,1077
2026-03-02,18.5,19.0,18.5,19.0,82
2026-03-03,19.100000381469727,19.100000381469727,18.200000762939453,18.200000762939453,645
2026-03-04,19.100000381469727,19.100000381469727,19.100000381469727,19.100000381469727,10
2026-03-05,19.100000381469727,19.100000381469727,18.100000381469727,18.100000381469727,19
2026-03-06,19.100000381469727,19.100000381469727,18.100000381469727,18.100000381469727,634
2026-03-09,18.100000381469727,18.100000381469727,18.100000381469727,18.100000381469727,289
2026-03-10,18.100000381469727,18.100000381469727,18.100000381469727,18.100000381469727,108
2026-03-11,19.100000381469727,19.100000381469727,19.100000381469727,19.100000381469727,1
2026-03-12,19.100000381469727,19.100000381469727,18.0,18.100000381469727,743
2026-03-13,18.700000762939453,18.799999237060547,18.700000762939453,18.799999237060547,37
2026-03-16,18.700000762939453,18.700000762939453,18.700000762939453,18.700000762939453,10
2026-03-17,19.0,19.0,19.0,19.0,2
2026-03-18,19.0,19.0,19.0,19.0,10
2026-03-19,19.0,19.100000381469727,18.799999237060547,18.799999237060547,12
2026-03-20,19.100000381469727,19.100000381469727,18.799999237060547,18.799999237060547,210
2026-03-23,19.100000381469727,19.100000381469727,18.200000762939453,18.399999618530273,582
2026-03-24,19.100000381469727,19.100000381469727,18.5,18.5,21
2026-03-25,18.100000381469727,18.100000381469727,18.0,18.0,60
2026-03-26,18.100000381469727,18.100000381469727,17.899999618530273,17.899999618530273,54
2026-03-27,18.299999237060547,18.299999237060547,17.700000762939453,17.700000762939453,61
2026-03-30,18.299999237060547,18.399999618530273,18.299999237060547,18.399999618530273,210
2026-03-31,18.399999618530273,18.899999618530273,18.399999618530273,18.899999618530273,152
2026-04-01,18.399999618530273,18.399999618530273,18.0,18.0,105
2026-04-02,17.799999237060547,18.799999237060547,17.799999237060547,18.799999237060547,603
2026-04-07,18.799999237060547,18.799999237060547,18.0,18.0,210
2026-04-08,18.100000381469727,18.100000381469727,18.100000381469727,18.100000381469727,10
2026-04-09,18.100000381469727,18.899999618530273,18.100000381469727,18.899999618530273,1186
2026-04-10,19.100000381469727,19.100000381469727,18.700000762939453,18.700000762939453,1688
2026-04-13,19.0,19.200000762939453,19.0,19.200000762939453,3
2026-04-14,19.0,19.0,18.299999237060547,18.700000762939453,1123
2026-04-15,18.899999618530273,18.899999618530273,17.899999618530273,17.899999618530273,2003
2026-04-16,17.899999618530273,17.899999618530273,17.5,17.5,511
2026-04-17,17.899999618530273,17.899999618530273,17.899999618530273,17.899999618530273,20
2026-04-20,17.899999618530273,17.899999618530273,17.899999618530273,17.899999618530273,18
2026-04-21,17.899999618530273,18.0,17.899999618530273,17.899999618530273,124
2026-04-22,17.399999618530273,18.100000381469727,17.399999618530273,18.100000381469727,328
2026-04-23,18.600000381469727,18.600000381469727,17.399999618530273,18.399999618530273,150
2026-04-24,18.5,18.5,17.399999618530273,17.399999618530273,317
2026-04-27,17.299999237060547,17.899999618530273,17.200000762939453,17.200000762939453,1031
2026-04-28,17.200000762939453,17.200000762939453,16.700000762939453,16.700000762939453,236
2026-04-29,16.700000762939453,17.299999237060547,16.700000762939453,17.299999237060547,589
2026-04-30,17.299999237060547,17.299999237060547,17.299999237060547,17.299999237060547,0
2026-05-04,17.600000381469727,17.600000381469727,17.0,17.0,131
2026-05-05,17.0,18.200000762939453,17.0,18.200000762939453,1280
2026-05-06,18.200000762939453,18.299999237060547,17.899999618530273,17.899999618530273,1480
2026-05-07,18.799999237060547,18.799999237060547,17.899999618530273,18.200000762939453,980
2026-05-08,18.200000762939453,18.299999237060547,17.899999618530273,17.899999618530273,663
2026-05-11,18.799999237060547,18.799999237060547,18.399999618530273,18.5,136
2026-05-12,18.600000381469727,18.600000381469727,18.5,18.5,552
2026-05-13,18.100000381469727,18.600000381469727,18.100000381469727,18.200000762939453,117
2026-05-14,18.299999237060547,18.299999237060547,18.299999237060547,18.299999237060547,110
2026-05-15,18.600000381469727,18.600000381469727,18.600000381469727,18.600000381469727,288
2026-05-18,18.700000762939453,18.700000762939453,18.299999237060547,18.299999237060547,408
2026-05-19,18.700000762939453,18.700000762939453,18.600000381469727,18.600000381469727,78
2026-05-20,18.700000762939453,18.700000762939453,18.299999237060547,18.700000762939453,234
2026-05-21,18.700000762939453,18.700000762939453,18.399999618530273,18.399999618530273,217
2026-05-22,18.700000762939453,18.700000762939453,18.299999237060547,18.299999237060547,693
2026-05-25,18.700000762939453,18.899999618530273,18.700000762939453,18.799999237060547,859
2026-05-26,18.899999618530273,18.899999618530273,18.600000381469727,18.799999237060547,527
2026-05-27,18.899999618530273,18.899999618530273,18.700000762939453,18.899999618530273,2559
2026-05-28,18.899999618530273,19.399999618530273,18.700000762939453,19.399999618530273,1938
2026-05-29,19.0,19.399999618530273,18.5,19.0,2114
2026-06-01,19.399999618530273,20.0,19.0,19.399999618530273,4885
2026-06-02,19.399999618530273,19.799999237060547,19.200000762939453,19.799999237060547,2495
2026-06-03,19.899999618530273,20.799999237060547,19.5,20.200000762939453,2003
2026-06-05,21.799999237060547,22.600000381469727,19.0,21.600000381469727,11658
2026-06-08,19.100000381469727,20.0,18.700000762939453,19.200000762939453,1474
2026-06-09,19.200000762939453,19.200000762939453,17.299999237060547,18.600000381469727,4452
2026-06-10,18.0,18.399999618530273,18.0,18.399999618530273,15
2026-06-11,18.399999618530273,18.399999618530273,18.100000381469727,18.299999237060547,103
2026-06-12,18.299999237060547,18.299999237060547,18.100000381469727,18.100000381469727,532
2026-06-15,18.299999237060547,18.700000762939453,18.0,18.0,1184
2026-06-16,18.200000762939453,18.200000762939453,18.100000381469727,18.100000381469727,898
2026-06-17,18.299999237060547,18.299999237060547,17.799999237060547,17.799999237060547,1249
2026-06-18,17.799999237060547,18.200000762939453,17.600000381469727,18.0,508
2026-06-19,17.899999618530273,17.899999618530273,17.899999618530273,17.899999618530273,1
2026-06-22,17.899999618530273,17.899999618530273,17.700000762939453,17.700000762939453,356
2026-06-23,17.899999618530273,17.899999618530273,17.600000381469727,17.600000381469727,312
2026-06-24,17.899999618530273,17.899999618530273,17.600000381469727,17.600000381469727,15
2026-06-25,17.899999618530273,17.899999618530273,17.899999618530273,17.899999618530273,2
2026-06-26,17.899999618530273,17.899999618530273,17.899999618530273,17.899999618530273,16
2026-06-29,17.899999618530273,17.899999618530273,17.899999618530273,17.899999618530273,10
2026-06-30,17.5,17.5,17.5,17.5,153
2026-07-01,17.799999237060547,17.899999618530273,17.700000762939453,17.899999618530273,400
2026-07-02,17.899999618530273,18.200000762939453,17.899999618530273,18.200000762939453,757
2026-07-03,18.700000762939453,18.700000762939453,18.299999237060547,18.299999237060547,13
2026-07-06,17.899999618530273,18.200000762939453,17.899999618530273,18.200000762939453,8
2026-07-07,18.200000762939453,18.200000762939453,17.899999618530273,17.899999618530273,210
2026-07-08,18.100000381469727,18.100000381469727,17.899999618530273,17.899999618530273,316
2026-07-09,17.899999618530273,17.899999618530273,17.600000381469727,17.600000381469727,11
2026-07-10,17.899999618530273,18.100000381469727,17.5,17.799999237060547,484
2026-07-13,17.799999237060547,18.0,17.700000762939453,17.700000762939453,11
2026-07-14,17.700000762939453,17.899999618530273,17.700000762939453,17.700000762939453,90
2026-07-15,18.0,18.0,18.0,18.0,10
2026-07-16,18.0,18.0,17.700000762939453,17.700000762939453,13
2026-07-17,17.700000762939453,17.899999618530273,17.700000762939453,17.899999618530273,72
2026-07-20,17.899999618530273,17.899999618530273,17.899999618530273,17.899999618530273,2
2026-07-21,17.899999618530273,17.899999618530273,17.700000762939453,17.700000762939453,7
2026-07-22,17.700000762939453,17.899999618530273,17.5,17.5,232
2026-07-23,17.899999618530273,17.899999618530273,17.899999618530273,17.899999618530273,1
2026-07-24,17.899999618530273,17.899999618530273,17.899999618530273,17.899999618530273,1
2026-07-27,17.899999618530273,17.899999618530273,17.899999618530273,17.899999618530273,201
2026-07-28,17.700000762939453,17.899999618530273,17.700000762939453,17.899999618530273,397
2026-07-29,17.899999618530273,17.899999618530273,17.899999618530273,17.899999618530273,1
2026-07-30,17.899999618530273,17.899999618530273,17.899999618530273,17.899999618530273,1
2026-07-31,17.899999618530273,17.899999618530273,17.799999237060547,17.799999237060547,408
2026-08-03,17.899999618530273,17.899999618530273,17.799999237060547,17.799999237060547,25
2026-08-04,17.799999237060547,17.799999237060547,17.799999237060547,17.799999237060547,20
2026-08-05,17.799999237060547,18.200000762939453,17.799999237060547,18.200000762939453,22
2026-08-06,18.200000762939453,18.200000762939453,18.200000762939453,18.200000762939453,10
2026-08-07,18.200000762939453,18.200000762939453,17.799999237060547,17.799999237060547,30
2026-08-10,18.200000762939453,18.200000762939453,18.200000762939453,18.200000762939453,10
2026-08-11,18.200000762939453,18.200000762939453,18.200000762939453,18.200000762939453,20
2026-08-12,18.100000381469727,18.100000381469727,17.799999237060547,17.799999237060547,447
2026-08-13,18.200000762939453,18.200000762939453,18.200000762939453,18.200000762939453,20
2026-08-14,18.200000762939453,18.200000762939453,17.700000762939453,17.700000762939453,12
2026-08-17,17.700000762939453,17.700000762939453,17.700000762939453,17.700000762939453,35
2026-08-18,17.700000762939453,17.799999237060547,17.700000762939453,17.799999237060547,164
2026-08-19,18.100000381469727,18.200000762939453,18.100000381469727,18.200000762939453,8
2026-08-20,18.100000381469727,18.200000762939453,17.799999237060547,18.200000762939453,29
2026-08-21,18.200000762939453,18.200000762939453,18.200000762939453,18.200000762939453,10
2026-08-24,18.100000381469727,18.100000381469727,17.600000381469727,17.899999618530273,160
2026-08-25,18.100000381469727,18.200000762939453,18.100000381469727,18.200000762939453,8
2026-08-26,18.200000762939453,18.200000762939453,18.200000762939453,18.200000762939453,10
2026-08-27,18.200000762939453,18.200000762939453,18.200000762939453,18.200000762939453,10
2026-08-28,18.200000762939453,18.200000762939453,18.200000762939453,18.200000762939453,10
2026-08-31,18.200000762939453,18.200000762939453,17.700000762939453,17.700000762939453,62
2026-09-01,17.700000762939453,17.700000762939453,17.700000762939453,17.700000762939453,330
2026-09-02,17.700000762939453,17.700000762939453,17.700000762939453,17.700000762939453,10
2026-09-03,18.100000381469727,18.100000381469727,17.700000762939453,17.700000762939453,21
2026-09-04,17.700000762939453,17.700000762939453,17.700000762939453,17.700000762939453,0
2026-09-08,18.100000381469727,18.100000381469727,17.299999237060547,17.299999237060547,25
2026-09-09,17.399999618530273,17.799999237060547,17.399999618530273,17.799999237060547,18
2026-09-10,17.399999618530273,17.399999618530273,17.399999618530273,17.399999618530273,2
2026-09-11,17.399999618530273,17.399999618530273,17.399999618530273,17.399999618530273,223
2026-09-14,17.399999618530273,18.0,17.399999618530273,17.5,149
2026-09-15,17.5,17.5,17.399999618530273,17.399999618530273,210
2026-09-17,17.399999618530273,17.399999618530273,17.399999618530273,17.399999618530273,70
