symbol,ticker,market,currency,yahoo_symbol,figi
06N.PL,06N,PL,PLN,06N.WA,BBG000C3TSN1
08N.PL,08N,PL,PLN,08N.WA,BBG000CJ4XH9
11B.PL,11B,PL,PLN,11B.WA,BBG0018708N0
1AT.PL,1AT,PL,PLN,1AT.WA,BBG0088LCR59
3RG.PL,3RG,PL,PLN,3RG.WA,BBG0029H2DW2
4MS.PL,4MS,PL,PLN,4MS.WA,BBG00N6LB245
AAT.PL,AAT,PL,PLN,AAT.WA,BBG000C2J2P9
ABE.PL,ABE,PL,PLN,ABE.WA,BBG000D2ZHY7
ABS.PL,ABS,PL,PLN,ABS.WA,BBG000TGC1K4
ACG.PL,ACG,PL,PLN,ACG.WA,BBG001Y6NBF0
ACP.PL,ACP,PL,PLN,ACP.WA,BBG000F6VHT6
ACT.PL,ACT,PL,PLN,ACT.WA,BBG000Q1V5L9
ADV.PL,ADV,PL,PLN,ADV.WA,BBG0099RFPN4
ADX.PL,ADX,PL,PLN,ADX.WA,BBG0055XDRZ8
AGO.PL,AGO,PL,PLN,AGO.WA,BBG000F745M7
AGT.PL,AGT,PL,PLN,AGT.WA,BBG00175T854
ALE.PL,ALE,PL,PLN,ALE.WA,BBG00XC93616
ALG.PL,ALG,PL,PLN,ALG.WA,BBG003M0FJW5
ALI.PL,ALI,PL,PLN,ALI.WA,BBG006T0B8R5
ALL.PL,ALL,PL,PLN,ALL.WA,BBG00256LV13
ALR.PL,ALR,PL,PLN,ALR.WA,BBG003M95W30
AMB.PL,AMB,PL,PLN,AMB.WA,BBG000GBBF10
AMC.PL,AMC,PL,PLN,AMC.WA,BBG000CJ7SW0
ANR.PL,ANR,PL,PLN,ANR.WA,BBG00YT5MV90
APE.PL,APE,PL,PLN,APE.WA,BBG004YW3YZ7
APL.PL,APL,PL,PLN,APL.WA,BBG000F6PG60
APN.PL,APN,PL,PLN,APN.WA,BBG000G636L8
APR.PL,APR,PL,PLN,APR.WA,BBG00CVQSKH8
APT.PL,APT,PL,PLN,APT.WA,BBG000CJ2519
ARH.PL,ARH,PL,PLN,ARH.WA,BBG00CDFDNB8
ARL.PL,ARL,PL,PLN,ARL.WA,BBG01VD0NZ11
ART.PL,ART,PL,PLN,ART.WA,BBG00DZTV7B7
ASB.PL,ASB,PL,PLN,ASB.WA,BBG000TJWNB8
ASE.PL,ASE,PL,PLN,ASE.WA,BBG000PRRCL3
ASM.PL,ASM,PL,PLN,ASM.WA,BBG004752PK2
AST.PL,AST,PL,PLN,AST.WA,BBG000M7YQ40
ATC.PL,ATC,PL,PLN,ATC.WA,BBG000PMFXQ6
ATD.PL,ATD,PL,PLN,ATD.WA,BBG0032H9JT1
ATG.PL,ATG,PL,PLN,ATG.WA,BBG000CZB4B5
ATP.PL,ATP,PL,PLN,ATP.WA,BBG000BFW4N4
ATR.PL,ATR,PL,PLN,ATR.WA,BBG000G8RFF5
ATS.PL,ATS,PL,PLN,ATS.WA,BBG000CJ6D09
ATT.PL,ATT,PL,PLN,ATT.WA,BBG000PR98K3
AWM.PL,AWM,PL,PLN,AWM.WA,BBG007QQ0KD9
BBD.PL,BBD,PL,PLN,BBD.WA,BBG000CJ52Z6
BBT.PL,BBT,PL,PLN,BBT.WA,BBG00NTXZC28
BCM.PL,BCM,PL,PLN,BCM.WA,BBG000JJXC13
BCS.PL,BCS,PL,PLN,BCS.WA,BBG0130V67L8
BCX.PL,BCX,PL,PLN,BCX.WA,BBG013DQ9F61
BDF.PL,BDF,PL,PLN,BDF.WA,
BDX.PL,BDX,PL,PLN,BDX.WA,BBG000MH51N4
BFT.PL,BFT,PL,PLN,BFT.WA,BBG001N9TPG8
BHW.PL,BHW,PL,PLN,BHW.WA,BBG000CHZ7N9
BIO.PL,BIO,PL,PLN,BIO.WA,BBG000Q5XS38
BIP.PL,BIP,PL,PLN,BIP.WA,BBG008FC7VG6
BLO.PL,BLO,PL,PLN,BLO.WA,BBG001RWVSP4
BMC.PL,BMC,PL,PLN,BMC.WA,BBG000TJCCS6
BMX.PL,BMX,PL,PLN,BMX.WA,BBG000BBN6S3
BNP.PL,BNP,PL,PLN,BNP.WA,
BOS.PL,BOS,PL,PLN,BOS.WA,BBG000BMGRF5
BOW.PL,BOW,PL,PLN,BOW.WA,BBG00255XHZ6
BRS.PL,BRS,PL,PLN,BRS.WA,BBG000MH8133
BST.PL,BST,PL,PLN,BST.WA,BBG000CJ2C69
CAP.PL,CAP,PL,PLN,CAP.WA,BBG00GFMVB46
CAR.PL,CAR,PL,PLN,CAR.WA,BBG000PMF0R7
CAV.PL,CAV,PL,PLN,CAV.WA,BBG011P2F365
CBF.PL,CBF,PL,PLN,CBF.WA,BBG00JDY67C4
CCE.PL,CCE,PL,PLN,CCE.WA,BBG000BR15Y7
CDL.PL,CDL,PL,PLN,CDL.WA,BBG007FDSS61
CDR.PL,CDR,PL,PLN,CDR.WA,BBG000D03WZ2
CEZ.PL,CEZ,PL,PLN,CEZ.WA,BBG000DSC410
CFI.PL,CFI,PL,PLN,CFI.WA,BBG000PMFZM5
CIG.PL,CIG,PL,PLN,CIG.WA,BBG000RLFKZ4
CLC.PL,CLC,PL,PLN,CLC.WA,BBG001NN76D6
CLD.PL,CLD,PL,PLN,CLD.WA,BBG002ZQ96T5
CLE.PL,CLE,PL,PLN,CLE.WA,BBG001V416P2
CLN.PL,CLN,PL,PLN,CLN.WA,BBG00DSJ1T59
CMP.PL,CMP,PL,PLN,CMP.WA,BBG000Q74VR3
COG.PL,COG,PL,PLN,COG.WA,BBG000CJ1Z78
CPD.PL,CPD,PL,PLN,CPD.WA,BBG001CGJ6V0
CPI.PL,CPI,PL,PLN,CPI.WA,BBG004J8VLK0
CPL.PL,CPL,PL,PLN,CPL.WA,BBG0029NJ6S1
CPR.PL,CPR,PL,PLN,CPR.WA,BBG000VDZH64
CPS.PL,CPS,PL,PLN,CPS.WA,BBG000R3K7R6
CRI.PL,CRI,PL,PLN,CRI.WA,BBG0131NNH70
CRJ.PL,CRJ,PL,PLN,CRJ.WA,BBG00LNBX3K8
CRM.PL,CRM,PL,PLN,CRM.WA,BBG000KFQYW5
CRQ.PL,CRQ,PL,PLN,CRQ.WA,BBG021GMLVW2
CSR.PL,CSR,PL,PLN,CSR.WA,BBG001Y6H0V3
CTS.PL,CTS,PL,PLN,CTS.WA,BBG00BFMZ9D8
CTX.PL,CTX,PL,PLN,CTX.WA,BBG00ZN5Z569
CZT.PL,CZT,PL,PLN,CZT.WA,BBG001S36XY4
DAD.PL,DAD,PL,PLN,DAD.WA,BBG00YPZJVK9
DAT.PL,DAT,PL,PLN,DAT.WA,BBG00363T0R9
DBC.PL,DBC,PL,PLN,DBC.WA,BBG000MGZR47
DBE.PL,DBE,PL,PLN,DBE.WA,BBG00PNSBF83
DCR.PL,DCR,PL,PLN,DCR.WA,BBG000GL8Q90
DEK.PL,DEK,PL,PLN,DEK.WA,BBG007VKMST8
DEL.PL,DEL,PL,PLN,DEL.WA,BBG000C3KTS3
DGA.PL,DGA,PL,PLN,DGA.WA,BBG000CNFRH1
DGE.PL,DGE,PL,PLN,DGE.WA,BBG010H54M50
DIA.PL,DIA,PL,PLN,DIA.WA,BBG01RQRT474
DIG.PL,DIG,PL,PLN,DIG.WA,BBG000TDVTH3
DMG.PL,DMG,PL,PLN,DMG.WA,BBG004TRSWT8
DNP.PL,DNP,PL,PLN,DNP.WA,BBG00G59T6C1
DOM.PL,DOM,PL,PLN,DOM.WA,BBG000G3XCV8
DTR.PL,DTR,PL,PLN,DTR.WA,BBG001LV6614
DVL.PL,DVL,PL,PLN,DVL.WA,BBG000K04SV6
EAH.PL,EAH,PL,PLN,EAH.WA,BBG001QZY799
EAT.PL,EAT,PL,PLN,EAT.WA,BBG000BXN1R7
EBP.PL,EBP,PL,PLN,EBP.WA,BBG000DP4F92
ECB.PL,ECB,PL,PLN,ECB.WA,BBG000F72MF0
ECH.PL,ECH,PL,PLN,ECH.WA,BBG000MH7TM2
EDI.PL,EDI,PL,PLN,EDI.WA,BBG00171R0K5
EEX.PL,EEX,PL,PLN,EEX.WA,BBG000NH8MQ1
EFK.PL,EFK,PL,PLN,EFK.WA,BBG000MH2G18
EHG.PL,EHG,PL,PLN,EHG.WA,BBG002B94MN5
EKP.PL,EKP,PL,PLN,EKP.WA,BBG000D2FBL6
ELT.PL,ELT,PL,PLN,ELT.WA,BBG000P3M4H4
ENA.PL,ENA,PL,PLN,ENA.WA,BBG000VR0941
ENE.PL,ENE,PL,PLN,ENE.WA,BBG001PFXQF6
ENG.PL,ENG,PL,PLN,ENG.WA,BBG00164NQJ9
ENI.PL,ENI,PL,PLN,ENI.WA,BBG000RJ1DT7
ENP.PL,ENP,PL,PLN,ENP.WA,BBG000CJ7QY2
ENT.PL,ENT,PL,PLN,ENT.WA,BBG009DVDX73
EQU.PL,EQU,PL,PLN,EQU.WA,BBG000RPTN75
ERB.PL,ERB,PL,PLN,ERB.WA,BBG000BMMCT6
ERG.PL,ERG,PL,PLN,ERG.WA,BBG000QRSX44
EST.PL,EST,PL,PLN,EST.WA,BBG001LH6HB0
ETCGLDRMAU.PL,ETCGLDRMAU,PL,PLN,ETCGLDRMAU.WA,
ETFBCASH.PL,ETFBCASH,PL,PLN,ETFBCASH.WA,BBG011DH9HJ7
ETFBDIVPL.PL,ETFBDIVPL,PL,PLN,ETFBDIVPL.WA,
ETFBM40LV.PL,ETFBM40LV,PL,PLN,ETFBM40LV.WA,
ETFBM40ST.PL,ETFBM40ST,PL,PLN,ETFBM40ST.WA,
ETFBM40TR.PL,ETFBM40TR,PL,PLN,ETFBM40TR.WA,
ETFBNDXPL.PL,ETFBNDXPL,PL,PLN,ETFBNDXPL.WA,
ETFBNQ2ST.PL,ETFBNQ2ST,PL,PLN,ETFBNQ2ST.WA,
ETFBNQ3LV.PL,ETFBNQ3LV,PL,PLN,ETFBNQ3LV.WA,
ETFBS80TR.PL,ETFBS80TR,PL,PLN,ETFBS80TR.WA,
ETFBSPXPL.PL,ETFBSPXPL,PL,PLN,ETFBSPXPL.WA,
ETFBTBSP.PL,ETFBTBSP,PL,PLN,ETFBTBSP.WA,BBG014QX1BJ3
ETFBTCPL.PL,ETFBTCPL,PL,PLN,ETFBTCPL.WA,BBG01XB9LYJ6
ETFBW20LV.PL,ETFBW20LV,PL,PLN,ETFBW20LV.WA,
ETFBW20ST.PL,ETFBW20ST,PL,PLN,ETFBW20ST.WA,
ETFBW20TR.PL,ETFBW20TR,PL,PLN,ETFBW20TR.WA,
ETFDAX.PL,ETFDAX,PL,PLN,ETFDAX.WA,
ETFHANARMY.PL,ETFHANARMY,PL,PLN,ETFHANARMY.WA,
ETFHANCPPR.PL,ETFHANCPPR,PL,PLN,ETFHANCPPR.WA,
ETFHANDRON.PL,ETFHANDRON,PL,PLN,ETFHANDRON.WA,
ETFHANESGO.PL,ETFHANESGO,PL,PLN,ETFHANESGO.WA,
ETFHANGR8.PL,ETFHANGR8,PL,PLN,ETFHANGR8.WA,
ETFHANMMLP.PL,ETFHANMMLP,PL,PLN,ETFHANMMLP.WA,
ETFHANUKRN.PL,ETFHANUKRN,PL,PLN,ETFHANUKRN.WA,
ETFHANURNM.PL,ETFHANURNM,PL,PLN,ETFHANURNM.WA,
ETFNATO.PL,ETFNATO,PL,PLN,ETFNATO.WA,BBG01WW5TCT2
ETFPZUCASH.PL,ETFPZUCASH,PL,PLN,ETFPZUCASH.WA,
ETFPZUGOLD.PL,ETFPZUGOLD,PL,PLN,ETFPZUGOLD.WA,
ETFPZULONGDUR.PL,ETFPZULONGDUR,PL,PLN,ETFPZULONGDUR.WA,
ETFPZUW20M40.PL,ETFPZUW20M40,PL,PLN,ETFPZUW20M40.WA,
ETFPZUWORLD.PL,ETFPZUWORLD,PL,PLN,ETFPZUWORLD.WA,
ETFSP500.PL,ETFSP500,PL,PLN,ETFSP500.WA,
ETL.PL,ETL,PL,PLN,ETL.WA,BBG000QFL2Q1
ETNVCOIN50.PL,ETNVCOIN50,PL,PLN,ETNVCOIN50.WA,
ETNVIRALT.PL,ETNVIRALT,PL,PLN,ETNVIRALT.WA,
ETNVIRBTCP.PL,ETNVIRBTCP,PL,PLN,ETNVIRBTCP.WA,
ETNVIRETH.PL,ETNVIRETH,PL,PLN,ETNVIRETH.WA,
ETNVIRHYPE.PL,ETNVIRHYPE,PL,PLN,ETNVIRHYPE.WA,
ETNVIRLINK.PL,ETNVIRLINK,PL,PLN,ETNVIRLINK.WA,
ETNVIRSOL.PL,ETNVIRSOL,PL,PLN,ETNVIRSOL.WA,
ETNVIRXRP.PL,ETNVIRXRP,PL,PLN,ETNVIRXRP.WA,
EUC.PL,EUC,PL,PLN,EUC.WA,BBG001CN49W4
EUR.PL,EUR,PL,PLN,EUR.WA,BBG000PB9PB0
FAB.PL,FAB,PL,PLN,FAB.WA,BBG000GTZ9Y3
FEE.PL,FEE,PL,PLN,FEE.WA,BBG004K07KD2
FFI.PL,FFI,PL,PLN,FFI.WA,BBG000FMPVT7
FHB.PL,FHB,PL,PLN,FHB.WA,BBG000Q0MC72
FMG.PL,FMG,PL,PLN,FMG.WA,BBG000PYVZ50
FON.PL,FON,PL,PLN,FON.WA,BBG000BGY0N8
FRO.PL,FRO,PL,PLN,FRO.WA,BBG000QQXM71
FSG.PL,FSG,PL,PLN,FSG.WA,BBG000C462J6
FTE.PL,FTE,PL,PLN,FTE.WA,BBG000MH7XV3
GIF.PL,GIF,PL,PLN,GIF.WA,BBG00W7W12G8
GKI.PL,GKI,PL,PLN,GKI.WA,BBG000RJ2W78
GMT.PL,GMT,PL,PLN,GMT.WA,BBG00ZNLD9P9
GNS.PL,GNS,PL,PLN,GNS.WA,BBG001R5FHR3
GOB.PL,GOB,PL,PLN,GOB.WA,BBG000DQ53P8
GOP.PL,GOP,PL,PLN,GOP.WA,BBG00SL51MK1
GPP.PL,GPP,PL,PLN,GPP.WA,BBG013KVSYK4
GPW.PL,GPW,PL,PLN,GPW.WA,BBG000GP3WM8
GRN.PL,GRN,PL,PLN,GRN.WA,BBG001MHDTQ9
GRX.PL,GRX,PL,PLN,GRX.WA,BBG009YQ6BM0
GTC.PL,GTC,PL,PLN,GTC.WA,BBG000F7NW92
GTN.PL,GTN,PL,PLN,GTN.WA,BBG000D9DHR4
GVT.PL,GVT,PL,PLN,GVT.WA,BBG000Q0K123
HDR.PL,HDR,PL,PLN,HDR.WA,BBG000F6VTQ3
HEL.PL,HEL,PL,PLN,HEL.WA,BBG000QS6G89
HRP.PL,HRP,PL,PLN,HRP.WA,BBG000BFD0L5
HRS.PL,HRS,PL,PLN,HRS.WA,BBG000F9XQZ1
HUG.PL,HUG,PL,PLN,HUG.WA,BBG00YYWMGX1
IBS.PL,IBS,PL,PLN,IBS.WA,BBG000PNFW77
ICE.PL,ICE,PL,PLN,ICE.WA,BBG00M378QN1
IDG.PL,IDG,PL,PLN,IDG.WA,BBG000HY94Y1
IDM.PL,IDM,PL,PLN,IDM.WA,BBG000QWMMP0
IFC.PL,IFC,PL,PLN,IFC.WA,BBG000TFBDC0
IFI.PL,IFI,PL,PLN,IFI.WA,BBG000VB8P06
IFR.PL,IFR,PL,PLN,IFR.WA,BBG000BMDJP5
IMC.PL,IMC,PL,PLN,IMC.WA,BBG001LW86N6
IMP.PL,IMP,PL,PLN,IMP.WA,BBG000CJ4VL8
IMS.PL,IMS,PL,PLN,IMS.WA,BBG002CW9P24
INC.PL,INC,PL,PLN,INC.WA,BBG000BF9JB0
ING.PL,ING,PL,PLN,ING.WA,BBG000DCV236
INK.PL,INK,PL,PLN,INK.WA,BBG000D0J735
INL.PL,INL,PL,PLN,INL.WA,BBG000RRQN10
INP.PL,INP,PL,PLN,INP.WA,BBG001J6DYD0
IPE.PL,IPE,PL,PLN,IPE.WA,BBG000M2QCG8
IPO.PL,IPO,PL,PLN,IPO.WA,BBG000C4CGV4
IRL.PL,IRL,PL,PLN,IRL.WA,BBG003NV3GJ0
ITB.PL,ITB,PL,PLN,ITB.WA,BBG0019LNRV2
IZB.PL,IZB,PL,PLN,IZB.WA,BBG002CG6B32
IZO.PL,IZO,PL,PLN,IZO.WA,BBG000RV0C68
IZS.PL,IZS,PL,PLN,IZS.WA,BBG000KLDX67
JRH.PL,JRH,PL,PLN,JRH.WA,BBG003M0FJH2
JSW.PL,JSW,PL,PLN,JSW.WA,BBG000J20CG0
JWW.PL,JWW,PL,PLN,JWW.WA,BBG006XWP332
KCH.PL,KCH,PL,PLN,KCH.WA,BBG000RTGPK1
KCI.PL,KCI,PL,PLN,KCI.WA,BBG000F6VDR7
KDM.PL,KDM,PL,PLN,KDM.WA,BBG0038VW3J4
KER.PL,KER,PL,PLN,KER.WA,BBG000TSH8Z2
KGH.PL,KGH,PL,PLN,KGH.WA,BBG000CJ6JT5
KGL.PL,KGL,PL,PLN,KGL.WA,BBG00BNNY6J8
KGN.PL,KGN,PL,PLN,KGN.WA,BBG000C3PQ95
KMP.PL,KMP,PL,PLN,KMP.WA,BBG000CHZDF5
KOM.PL,KOM,PL,PLN,KOM.WA,BBG000R1Y1H9
KPD.PL,KPD,PL,PLN,KPD.WA,BBG000BR19C3
KPL.PL,KPL,PL,PLN,KPL.WA,BBG001LL6787
KRK.PL,KRK,PL,PLN,KRK.WA,BBG002W24778
KRU.PL,KRU,PL,PLN,KRU.WA,BBG001MGPLT2
KSG.PL,KSG,PL,PLN,KSG.WA,BBG001LW6VV4
KTY.PL,KTY,PL,PLN,KTY.WA,BBG000MH5H77
KVT.PL,KVT,PL,PLN,KVT.WA,BBG00BGRBW78
LBT.PL,LBT,PL,PLN,LBT.WA,BBG001MGM8X9
LBW.PL,LBW,PL,PLN,LBW.WA,BBG000CHZBK3
LEN.PL,LEN,PL,PLN,LEN.WA,BBG000GH9D79
LES.PL,LES,PL,PLN,LES.WA,BBG000F73VM1
LKD.PL,LKD,PL,PLN,LKD.WA,BBG00B5CD7X7
LMU.PL,LMU,PL,PLN,LMU.WA,
LPP.PL,LPP,PL,PLN,LPP.WA,BBG000BNDZR5
LRQ.PL,LRQ,PL,PLN,LRQ.WA,BBG000VF9B16
LSI.PL,LSI,PL,PLN,LSI.WA,BBG000LT1FV3
LTX.PL,LTX,PL,PLN,LTX.WA,BBG000CJ29G5
LWB.PL,LWB,PL,PLN,LWB.WA,BBG000G465N0
MAB.PL,MAB,PL,PLN,MAB.WA,BBG0014KMQ42
MAK.PL,MAK,PL,PLN,MAK.WA,BBG000QBX2C2
MAN.PL,MAN,PL,PLN,MAN.WA,BBG000C4B4D2
MBK.PL,MBK,PL,PLN,MBK.WA,BBG000DCTP92
MBR.PL,MBR,PL,PLN,MBR.WA,BBG001D877Q4
MBW.PL,MBW,PL,PLN,MBW.WA,BBG000RBGMG2
MCI.PL,MCI,PL,PLN,MCI.WA,BBG000FK2416
MCR.PL,MCR,PL,PLN,MCR.WA,BBG000RPV875
MDG.PL,MDG,PL,PLN,MDG.WA,BBG0027T2X18
MDI.PL,MDI,PL,PLN,MDI.WA,BBG000CJ50Y1
MDV.PL,MDV,PL,PLN,MDV.WA,BBG000QLNJS7
MEG.PL,MEG,PL,PLN,MEG.WA,BBG001K1F6H4
MEX.PL,MEX,PL,PLN,MEX.WA,BBG0021SVBX7
MFO.PL,MFO,PL,PLN,MFO.WA,BBG005NFJTT4
MGT.PL,MGT,PL,PLN,MGT.WA,BBG000QSQ1T7
MIL.PL,MIL,PL,PLN,MIL.WA,BBG000DCTR89
MIR.PL,MIR,PL,PLN,MIR.WA,BBG000R53F47
MLG.PL,MLG,PL,PLN,MLG.WA,BBG0017C29D7
MLK.PL,MLK,PL,PLN,MLK.WA,BBG0018HLPV8
MLS.PL,MLS,PL,PLN,MLS.WA,BBG00KY4F8R6
MNC.PL,MNC,PL,PLN,MNC.WA,BBG000F6VY55
MOC.PL,MOC,PL,PLN,MOC.WA,BBG00K9D8XX0
MOL.PL,MOL,PL,PLN,MOL.WA,BBG000PX5T91
MON.PL,MON,PL,PLN,MON.WA,BBG000CJBQF8
MOV.PL,MOV,PL,PLN,MOV.WA,BBG00MXJV7X7
MQR.PL,MQR,PL,PLN,MQR.WA,BBG00MS3WV19
MRB.PL,MRB,PL,PLN,MRB.WA,BBG000RSFX27
MRC.PL,MRC,PL,PLN,MRC.WA,BBG005MNQNZ6
MSP.PL,MSP,PL,PLN,MSP.WA,BBG000F71BN6
MSW.PL,MSW,PL,PLN,MSW.WA,BBG000MGZLF8
MSZ.PL,MSZ,PL,PLN,MSZ.WA,BBG000MH2PX3
MUR.PL,MUR,PL,PLN,MUR.WA,BBG013P0KW01
MVP.PL,MVP,PL,PLN,MVP.WA,BBG00JKSCW91
MWT.PL,MWT,PL,PLN,MWT.WA,BBG000R4MC73
MXC.PL,MXC,PL,PLN,MXC.WA,BBG00GD1GML8
MZA.PL,MZA,PL,PLN,MZA.WA,BBG000F6W0H5
NCL.PL,NCL,PL,PLN,NCL.WA,BBG016Q99L38
NEU.PL,NEU,PL,PLN,NEU.WA,BBG000Q4KL94
NNG.PL,NNG,PL,PLN,NNG.WA,BBG00GSQJMP0
NTC.PL,NTC,PL,PLN,NTC.WA,BBG000QRZB35
NTT.PL,NTT,PL,PLN,NTT.WA,BBG000R50YG6
NTU.PL,NTU,PL,PLN,NTU.WA,BBG00K2JMG83
NVA.PL,NVA,PL,PLN,NVA.WA,BBG000RCGPP3
NVG.PL,NVG,PL,PLN,NVG.WA,BBG000CJ4SQ0
NVT.PL,NVT,PL,PLN,NVT.WA,BBG000MH2941
NWA.PL,NWA,PL,PLN,NWA.WA,BBG001LL9LN6
NWG.PL,NWG,PL,PLN,NWG.WA,BBG005L9DRX5
NXG.PL,NXG,PL,PLN,NXG.WA,BBG007LX7SB7
OBL.PL,OBL,PL,PLN,OBL.WA,BBG000TR2069
ODL.PL,ODL,PL,PLN,ODL.WA,BBG000F6VPG2
OML.PL,OML,PL,PLN,OML.WA,BBG0038K0ZJ2
OND.PL,OND,PL,PLN,OND.WA,BBG011P5Y5F2
ONO.PL,ONO,PL,PLN,ONO.WA,BBG000F741P3
OPG.PL,OPG,PL,PLN,OPG.WA,BBG000RLR4X9
OPL.PL,OPL,PL,PLN,OPL.WA,BBG000F6YJD6
OPM.PL,OPM,PL,PLN,OPM.WA,BBG00178NTZ5
OPN.PL,OPN,PL,PLN,OPN.WA,BBG000C2VF94
OTM.PL,OTM,PL,PLN,OTM.WA,BBG0016W6DR6
OTS.PL,OTS,PL,PLN,OTS.WA,BBG004V15Z92
PAS.PL,PAS,PL,PLN,PAS.WA,BBG00LG527Y9
PAT.PL,PAT,PL,PLN,PAT.WA,BBG000PMG1P6
PBF.PL,PBF,PL,PLN,PBF.WA,BBG000D0KR66
PBG.PL,PBG,PL,PLN,PBG.WA,BBG000BVJ0B5
PBX.PL,PBX,PL,PLN,PBX.WA,BBG002J5NQP3
PCE.PL,PCE,PL,PLN,PCE.WA,BBG000DBY315
PCF.PL,PCF,PL,PLN,PCF.WA,BBG00YC6JRZ0
PCO.PL,PCO,PL,PLN,PCO.WA,BBG010FN09V7
PCR.PL,PCR,PL,PLN,PCR.WA,BBG006NB6TS6
PCX.PL,PCX,PL,PLN,PCX.WA,BBG00366FWL3
PEN.PL,PEN,PL,PLN,PEN.WA,BBG004HL0746
PEO.PL,PEO,PL,PLN,PEO.WA,BBG000F714H9
PEP.PL,PEP,PL,PLN,PEP.WA,BBG000HH93P0
PGE.PL,PGE,PL,PLN,PGE.WA,BBG000BP0PD1
PGM.PL,PGM,PL,PLN,PGM.WA,BBG000MH59G5
PGV.PL,PGV,PL,PLN,PGV.WA,BBG000PMF9T6
PHN.PL,PHN,PL,PLN,PHN.WA,BBG001Y6MCD1
PHR.PL,PHR,PL,PLN,PHR.WA,BBG000BLWRR6
PJP.PL,PJP,PL,PLN,PJP.WA,BBG000D0KNX5
PKN.PL,PKN,PL,PLN,PKN.WA,BBG000D0JDP8
PKO.PL,PKO,PL,PLN,PKO.WA,BBG000BMWXJ0
PKP.PL,PKP,PL,PLN,PKP.WA,BBG0042Y52H6
PLW.PL,PLW,PL,PLN,PLW.WA,BBG00DSX43F1
PLZ.PL,PLZ,PL,PLN,PLZ.WA,BBG000J15297
PMA.PL,PMA,PL,PLN,PMA.WA,BBG000TGF4C4
PPS.PL,PPS,PL,PLN,PPS.WA,BBG000CJ6GW7
PRI.PL,PRI,PL,PLN,PRI.WA,BBG000C3DVM2
PRM.PL,PRM,PL,PLN,PRM.WA,BBG000MH3TY3
PRT.PL,PRT,PL,PLN,PRT.WA,BBG000F716Q4
PTG.PL,PTG,PL,PLN,PTG.WA,BBG012T7Y562
PTW.PL,PTW,PL,PLN,PTW.WA,BBG004HP04F2
PWX.PL,PWX,PL,PLN,PWX.WA,BBG0073WZS46
PXM.PL,PXM,PL,PLN,PXM.WA,BBG000F6QKF0
PZU.PL,PZU,PL,PLN,PZU.WA,BBG000BTY1D9
QNA.PL,QNA,PL,PLN,QNA.WA,BBG01L38S509
QNT.PL,QNT,PL,PLN,QNT.WA,BBG000RQN596
QRS.PL,QRS,PL,PLN,QRS.WA,BBG000DKC505
RAF.PL,RAF,PL,PLN,RAF.WA,BBG000RJV4F9
RBW.PL,RBW,PL,PLN,RBW.WA,BBG000THVF11
RDN.PL,RDN,PL,PLN,RDN.WA,BBG000GLSQV3
REG.PL,REG,PL,PLN,REG.WA,BBG000M27V95
REX.PL,REX,PL,PLN,REX.WA,BBG021HHT677
RHD.PL,RHD,PL,PLN,RHD.WA,BBG000QWZD58
RLP.PL,RLP,PL,PLN,RLP.WA,BBG000MH5G33
RMK.PL,RMK,PL,PLN,RMK.WA,BBG000MH0V44
RNC.PL,RNC,PL,PLN,RNC.WA,BBG000GPGR90
RND.PL,RND,PL,PLN,RND.WA,BBG0147BFKZ9
RNK.PL,RNK,PL,PLN,RNK.WA,BBG000BBM6M0
ROB.PL,ROB,PL,PLN,ROB.WA,BBG02319GKL5
RPC.PL,RPC,PL,PLN,RPC.WA,BBG000F6S5Q9
RVU.PL,RVU,PL,PLN,RVU.WA,BBG001VBZ2F9
RWL.PL,RWL,PL,PLN,RWL.WA,BBG000Q5XWQ4
S2B.PL,S2B,PL,PLN,S2B.WA,BBG01WTS6Y13
SAN.PL,SAN,PL,PLN,SAN.WA,BBG007N49HB1
SCP.PL,SCP,PL,PLN,SCP.WA,BBG00HFXVKQ6
SCW.PL,SCW,PL,PLN,SCW.WA,BBG01JPM4DV4
SEK.PL,SEK,PL,PLN,SEK.WA,BBG000CKGBY2
SEL.PL,SEL,PL,PLN,SEL.WA,BBG000VDFQP5
SFG.PL,SFG,PL,PLN,SFG.WA,BBG000FDC0G3
SFS.PL,SFS,PL,PLN,SFS.WA,BBG000C1P2R2
SGN.PL,SGN,PL,PLN,SGN.WA,BBG000MH5635
SHD.PL,SHD,PL,PLN,SHD.WA,BBG000CJ3P78
SHG.PL,SHG,PL,PLN,SHG.WA,BBG000VLC5W8
SIM.PL,SIM,PL,PLN,SIM.WA,BBG00T22J8L8
SKA.PL,SKA,PL,PLN,SKA.WA,BBG000CW2H41
SKH.PL,SKH,PL,PLN,SKH.WA,BBG007F9CSN8
SKL.PL,SKL,PL,PLN,SKL.WA,BBG000BNY918
SLV.PL,SLV,PL,PLN,SLV.WA,BBG00QKSQVG4
SNK.PL,SNK,PL,PLN,SNK.WA,BBG000CHZJT7
SNT.PL,SNT,PL,PLN,SNT.WA,BBG001Y31JK8
SNW.PL,SNW,PL,PLN,SNW.WA,BBG000F6VM79
SNX.PL,SNX,PL,PLN,SNX.WA,BBG001YB2G16
SON.PL,SON,PL,PLN,SON.WA,BBG000VMJTB0
SPH.PL,SPH,PL,PLN,SPH.WA,BBG002976FB8
SPR.PL,SPR,PL,PLN,SPR.WA,BBG00S1N9ND2
STF.PL,STF,PL,PLN,STF.WA,BBG000F71HX2
STP.PL,STP,PL,PLN,STP.WA,BBG000CJ7P92
STS.PL,STS,PL,PLN,STS.WA,BBG000TH1LV8
STX.PL,STX,PL,PLN,STX.WA,BBG000MH22G3
SVE.PL,SVE,PL,PLN,SVE.WA,BBG001YB1D96
SVRS.PL,SVRS,PL,PLN,SVRS.WA,BBG00L9H52F0
SWG.PL,SWG,PL,PLN,SWG.WA,BBG000FVZW05
TAR.PL,TAR,PL,PLN,TAR.WA,BBG004T3NNH9
TBL.PL,TBL,PL,PLN,TBL.WA,BBG00F463FV7
TEN.PL,TEN,PL,PLN,TEN.WA,BBG00KP793W1
THG.PL,THG,PL,PLN,THG.WA,BBG0105WSTX2
TLX.PL,TLX,PL,PLN,TLX.WA,BBG000CP8SV6
TMR.PL,TMR,PL,PLN,TMR.WA,BBG003GX67G4
TOA.PL,TOA,PL,PLN,TOA.WA,BBG001XQXFN8
TOR.PL,TOR,PL,PLN,TOR.WA,BBG006S735L2
TOW.PL,TOW,PL,PLN,TOW.WA,BBG00DB105X8
TPE.PL,TPE,PL,PLN,TPE.WA,BBG000RRSB32
TRI.PL,TRI,PL,PLN,TRI.WA,BBG000F867H5
TRK.PL,TRK,PL,PLN,TRK.WA,BBG000RSVY18
TRN.PL,TRN,PL,PLN,TRN.WA,BBG000JQWNF9
TRR.PL,TRR,PL,PLN,TRR.WA,BBG003D8QF18
TSG.PL,TSG,PL,PLN,TSG.WA,BBG000NCJCY3
TXT.PL,TXT,PL,PLN,TXT.WA,BBG006B5TH67
UCG.PL,UCG,PL,PLN,UCG.WA,BBG000D86QG6
ULG.PL,ULG,PL,PLN,ULG.WA,BBG00L54RTY9
ULM.PL,ULM,PL,PLN,ULM.WA,BBG000CJ2FD4
UNF.PL,UNF,PL,PLN,UNF.WA,BBG000R0DNJ4
UNI.PL,UNI,PL,PLN,UNI.WA,BBG000Q1SNJ7
UNT.PL,UNT,PL,PLN,UNT.WA,BBG003CXJ5N0
URT.PL,URT,PL,PLN,URT.WA,BBG0136J6WT6
VGO.PL,VGO,PL,PLN,VGO.WA,BBG007BV6195
VIN.PL,VIN,PL,PLN,VIN.WA,BBG000JMQK34
VOT.PL,VOT,PL,PLN,VOT.WA,BBG001BW9V79
VOX.PL,VOX,PL,PLN,VOX.WA,BBG0024QVW44
VRC.PL,VRC,PL,PLN,VRC.WA,BBG0108LVM46
VRG.PL,VRG,PL,PLN,VRG.WA,BBG000MGZJL6
VVD.PL,VVD,PL,PLN,VVD.WA,BBG0033XWBC4
WAS.PL,WAS,PL,PLN,WAS.WA,BBG000BPTH48
WIK.PL,WIK,PL,PLN,WIK.WA,BBG000CJ0P08
WLT.PL,WLT,PL,PLN,WLT.WA,BBG000RLFMS8
WPL.PL,WPL,PL,PLN,WPL.WA,BBG008F7XFS0
WPR.PL,WPR,PL,PLN,WPR.WA,BBG012J32RW0
WTN.PL,WTN,PL,PLN,WTN.WA,BBG0020B44H9
WWL.PL,WWL,PL,PLN,WWL.WA,BBG000F6RWF3
WXF.PL,WXF,PL,PLN,WXF.WA,BBG000QX2CC6
XPL.PL,XPL,PL,PLN,XPL.WA,BBG000TH1YG7
XTB.PL,XTB,PL,PLN,XTB.WA,BBG00CMM7YZ0
XTP.PL,XTP,PL,PLN,XTP.WA,BBG00HPS3M10
YAN.PL,YAN,PL,PLN,YAN.WA,BBG006BFTV37
YRL.PL,YRL,PL,PLN,YRL.WA,BBG000Q0SL49
ZAB.PL,ZAB,PL,PLN,ZAB.WA,BBG01Q3NJQK7
ZAP.PL,ZAP,PL,PLN,ZAP.WA,BBG000JHCYT2
ZEP.PL,ZEP,PL,PLN,ZEP.WA,BBG003FLP3M2
ZMT.PL,ZMT,PL,PLN,ZMT.WA,BBG00255XK07
ZRE.PL,ZRE,PL,PLN,ZRE.WA,BBG000VJSPP0
ZUE.PL,ZUE,PL,PLN,ZUE.WA,BBG00170BJR6
ZUK.PL,ZUK,PL,PLN,ZUK.WA,BBG000PM5105
