symbol,date,close,sma_20,sma_50,sma_200,ema_12,ema_26,rsi_14,macd,macd_signal,macd_histogram,bb_upper,bb_middle,bb_lower,atr_14
AAPL,2026-09-14,333.0799865722656,317.9834976196289,318.4631994628906,285.2391493225098,323.0442212075412,319.1101559155122,63.31557138138918,3.934065292029004,2.3086135583474405,1.6254517336815635,333.61444909126755,317.9834976196289,302.35254614799027,7.768856498954842
ABBV,2026-09-14,261.7699890136719,258.8614974975586,254.5213995361328,228.8973494720459,257.0988201348372,256.09686194826,56.877108291510474,1.0019581865771556,1.4938549144912388,-0.4918967279140831,268.77970800083966,258.8614974975586,248.94328699427757,5.870783401084951
AMAT,2026-09-14,424.2099914550781,471.40150299072263,513.2767993164063,412.76769958496095,457.7886001625912,477.93708858377676,34.68972777637809,-20.14848842118556,-19.549365080140394,-0.5991233410451677,525.3325358860135,471.40150299072263,417.4704700954318,22.508774297704356
AMD,2026-09-14,493.4100036621094,480.9864990234375,496.0606005859375,348.30435020446777,490.87829618830267,487.5533182506517,51.52950816813377,3.3249779376509423,-1.8783613578758984,5.203339295526841,520.4181873968131,480.9864990234375,441.5548106500619,23.58165082987022
AMZN,2026-09-14,253.5399932861328,258.5049987792969,255.47019927978516,239.9339998626709,256.4970355759653,257.5516660966712,45.842452004740984,-1.0546305207059277,0.0067216018662581145,-1.0613521225721858,266.16574085548666,258.5049987792969,250.84425670310713,6.210391989322318
ARM,2026-09-14,239.00999450683594,249.19000091552735,265.5501998901367,204.83197490692137,251.42270665595663,255.82820123246924,42.92818195944831,-4.405494576512609,-6.564680664445817,2.1591860879332074,269.8046591728461,249.19000091552735,228.57534265820865,16.735948162182105
ASML,2026-09-14,1575.1500244140625,1723.6385131835937,1734.98919921875,1497.9140487670898,1691.6939421878633,1714.4024916103513,36.08175171439584,-22.708549422487977,-12.890038263085792,-9.818511159402185,1845.7903548114446,1723.6385131835937,1601.4866715557428,59.77727294291327
AVGO,2026-09-14,344.7200012207031,365.08049926757815,382.7709991455078,370.0365501403809,362.46175056808556,371.0746498691639,34.32300657688256,-8.612899301078357,-7.798537954374183,-0.8143613467041746,384.4062053987901,365.08049926757815,345.7547931363662,12.460595257067023
BABA,2026-09-14,109.2300033569336,116.87299919128418,117.54080001831055,134.27349990844726,112.59413201003284,115.70719297317947,36.497613512669865,-3.113060963146637,-2.0710258225769747,-1.0420351405696624,130.25511032333273,116.87299919128418,103.49088805923563,3.217793719147508
BAC,2026-09-14,59.470001220703125,62.367499923706056,62.018799743652345,55.131149978637694,62.07682778386152,62.17218296651054,34.01497014155149,-0.09535518264902265,0.1644432320049357,-0.25979841465395836,64.27358389052658,62.367499923706056,60.46141595688554,1.3005451694505261
BRK-B,2026-09-14,514.9500122070312,504.31849975585936,503.99199829101565,492.5432495117187,507.6638292455242,506.148685963194,62.577725393589795,1.5151432823302002,0.7021458482532885,0.8129974340769117,513.0050077827063,504.31849975585936,495.6319917290123,6.086570514438279
CAT,2026-09-14,784.0,813.6025024414063,852.5938000488281,779.6629489135743,807.9887888431042,822.2347771163946,39.46287718891829,-14.245988273290436,-16.207001326823093,1.9610130535326569,856.0276305013147,813.6025024414063,771.1773743814979,26.589313575846496
COST,2026-09-14,918.9099731445312,935.6534942626953,940.1297973632812,960.6361480712891,921.3573822342574,932.5384462503066,43.41241624834169,-11.181064016049163,-7.814415451587706,-3.3666485644614568,977.352487560034,935.6534942626953,893.9545009653566,15.543453126830709
CSCO,2026-09-14,110.05999755859375,110.35999984741211,113.67519973754882,95.57810001373291,110.16970737649983,111.55369822429411,46.130890476749315,-1.38399084779428,-1.5442618308989733,0.16027098310469334,113.07011478836584,110.35999984741211,107.64988490645838,2.7623379345225603
CVX,2026-09-14,212.1699981689453,207.07750091552734,195.60160034179688,182.6560501098633,209.72404168571757,204.72936868183152,64.44233457647798,4.994673003886049,4.8686288140209,0.12604418986514965,216.47767766966862,207.07750091552734,197.67732416138605,4.339760367814827
CYATY,2026-09-14,17.440000534057617,19.025500106811524,19.62379997253418,,18.220629477278433,18.96188278102618,29.795098637926614,-0.7412533037477473,-0.5767496016497833,-0.16450370209796406,21.246170765916425,19.025500106811524,16.804829447706624,0.6299285636019206
DELL,2026-09-14,534.280029296875,481.54700164794923,451.6961999511719,263.791799697876,509.9751602082554,483.89475751762905,59.26789796225273,26.08040269062633,19.399757249199304,6.680645441427025,563.4096608635206,481.54700164794923,399.6843424323779,33.92650048086334
GE,2026-09-14,317.55999755859375,340.8720016479492,352.35060119628906,322.11000061035156,331.6488243898447,340.9703173791681,31.657082798072793,-9.32149298932336,-7.164459524614414,-2.157033464708946,370.1018033066858,340.8720016479492,311.64219998921266,8.78646301618643
GOOGL,2026-09-14,349.3900146484375,341.2300003051758,346.968798828125,336.9645994567871,340.112829712763,342.57996346642165,55.147751814311256,-2.4671337536586293,-3.0397497447022706,0.5726159910436412,351.10857844698313,341.2300003051758,331.35142216336845,8.386841762534212
GS,2026-09-14,988.4500122070312,1028.8635131835938,1043.9216040039062,954.0907516479492,1022.847003637859,1029.7712493018018,39.00519973189416,-6.924245663942884,-4.808160358853464,-2.1160853050894195,1063.6039940519656,1028.8635131835938,994.1230323152221,26.660231800966915
HD,2026-09-14,310.8699951171875,325.67049713134764,334.88799743652345,343.2354489135742,317.3800477650775,325.4034715561733,34.97113626012437,-8.023423791095809,-6.078808412990806,-1.9446153781050022,348.747915995547,325.67049713134764,302.5930782671483,6.892240241914209
HSBC,2026-09-14,103.94000244140625,104.18100051879883,102.90839996337891,90.16284996032715,104.65727705830597,104.01349552332653,49.95548776569194,0.6437815349794391,0.7773079134353026,-0.13352637845586346,106.76584801585255,104.18100051879883,101.5961530217451,1.5552802875215939
INTC,2026-09-14,97.19000244140625,94.34400062561035,97.88919982910156,75.84399995803832,97.4468361081722,96.8409639447906,50.333565142838815,0.6058721633816049,-0.8775751139180841,1.483447277299689,106.34240716047975,94.34400062561035,82.34559409074095,5.6360059775309
JNJ,2026-09-14,266.32000732421875,269.74249877929685,262.7741989135742,237.41784988403322,268.6296705468465,266.8516599411045,49.52981883878811,1.778010605741997,2.9766349584058234,-1.1986243526638263,277.7107359567495,269.74249877929685,261.7742616018442,5.559440546801016
JPM,2026-09-14,350.1300048828125,356.10250091552734,352.05179992675784,319.6971008300781,355.1484202026933,354.7404163761551,44.15612552951708,0.40800382653816314,1.498256005310896,-1.0902521787727328,362.7013445769232,356.10250091552734,349.5036572541315,6.111910297342436
KO,2026-09-14,89.3499984741211,89.16749992370606,86.65379974365234,78.8576000213623,88.57952431035982,88.17098644486371,56.623836742036744,0.4085378654961005,0.6759589099553271,-0.26742104445922665,91.87469528777041,89.16749992370606,86.46030455964171,1.3975922371575806
LLY,2026-09-14,1138.280029296875,1181.030499267578,1183.142001953125,1065.188553466797,1148.7401390296814,1166.8632042722265,42.455944885258354,-18.12306524254518,-10.455656611990628,-7.667408630554553,1278.5480821785573,1181.030499267578,1083.512916356599,32.264212811168036
LRCX,2026-09-14,273.489990234375,307.39750213623046,312.68339965820314,264.80184928894045,300.36366137828117,306.55737754077626,37.239181654118546,-6.193716162495093,-4.382887806736184,-1.8108283557589093,337.47486386524804,307.39750213623046,277.3201404072129,16.14522874513745
MA,2026-09-14,574.4199829101562,581.0169952392578,562.9789929199219,531.2669476318359,576.1650155257754,573.7870395856463,50.782862948922414,2.3779759401290903,6.049704323167769,-3.671728383038679,604.1476660200959,581.0169952392578,557.8863244584196,9.590686619038564
META,2026-09-14,665.5999755859375,590.2545013427734,602.5561962890625,623.4936975097656,621.2750996345461,604.1161359534971,70.76563448236494,17.158963681049045,6.744713528643934,10.41425015240511,665.5854508536954,590.2545013427734,514.9235518318515,21.310631936041943
MRK,2026-09-14,144.85000610351562,148.21950073242186,136.3497999572754,119.62915012359619,146.94246483009493,144.0536416383209,51.987502288498746,2.888823191774037,4.365626109086955,-1.4768029173129182,158.54855000597996,148.21950073242186,137.89045145886377,3.6989244061575315
MS,2026-09-14,206.5800018310547,214.12300186157228,215.71820068359375,192.2409496307373,213.39244023322107,214.13614656242513,38.81875290426498,-0.7437063292040591,-0.2457205982246857,-0.4979857309793734,220.18289516113416,214.12300186157228,208.0631085620104,5.247917160652714
MSFT,2026-09-14,505.4100036621094,494.9345016479492,455.9671997070312,431.41459945678713,497.46418137425877,487.2988083650499,61.3892847581497,10.16537300920885,13.237433745995345,-3.0720607367864954,514.5459152357239,494.9345016479492,475.32308806017454,10.944529728483847
MU,2026-09-14,924.030029296875,960.425503540039,927.5794030761718,625.5677510070801,965.3960745482852,952.2256842925032,46.41386303042178,13.170390255782081,14.277109477763398,-1.106719221981317,1024.9052302131104,960.425503540039,895.9457768669675,53.32994336392876
MUFG,2026-09-14,23.889999389648438,22.895499897003173,22.478200035095213,19.076849989891052,23.37139117018732,22.945970539458777,61.94024034484755,0.4254206307285422,0.3576951537962289,0.06772547693231329,24.446118804010172,22.895499897003173,21.344880989996174,0.45989548689147025
NFLX,2026-09-14,80.31999969482422,79.55199966430663,75.75419952392578,86.11094974517822,78.77406080668271,78.25191454322517,55.88834590790605,0.5221462634575431,1.0007231618412564,-0.4785768983837133,83.92242742288956,79.55199966430663,75.18157190572371,2.269542148557299
NVDA,2026-09-14,210.9600067138672,219.4525001525879,212.90659942626954,197.61475006103515,219.73132235425834,218.17682329072898,43.92262534662437,1.554499063529363,2.7937178096616195,-1.2392187461322566,231.7774130877496,219.4525001525879,207.1275872174262,7.043831573719837
ORCL,2026-09-14,144.7899932861328,149.09149932861328,140.76960006713867,167.36704982757567,151.26973283617926,148.91005456602213,46.396316545301325,2.359678270157133,2.6627355748057213,-0.3030573046485885,161.46927875980808,149.09149932861328,136.71371989741849,7.877705988115425
PANW,2026-09-14,373.94000244140625,352.7350021362305,350.06099975585937,236.87900016784667,348.1820024565553,350.0677758364697,57.70620995408938,-1.885773379914383,-0.7824155003274349,-1.103357879586948,389.4392570588085,352.7350021362305,316.0307472136525,19.43030884825591
PG,2026-09-14,146.1300048828125,144.87200012207032,146.31300079345704,147.48320068359374,145.1115637360412,145.34157167143798,52.38796356632091,-0.23000793539677034,-0.3157934198323056,0.08578548443553524,147.8205518772036,144.87200012207032,141.92344836693704,2.444465895502346
PLTR,2026-09-14,173.30999755859375,175.51849975585938,154.80699905395508,151.57507480621337,172.6962244944885,169.03986012303412,53.71431233000846,3.656364371454373,6.364530645555846,-2.7081662741014734,187.66406730375994,175.51849975585938,163.37293220795883,7.4673661997963
PM,2026-09-14,194.86000061035156,189.04449996948242,188.75980010986328,175.26350006103516,189.1639784935631,188.82064510174436,59.618898718085156,0.34333339181873157,-0.04302612294799266,0.38635951476672425,195.7092276460009,189.04449996948242,182.37977229296393,4.734025083430267
RY,2026-09-14,205.16000366210938,207.2664993286133,209.58179901123046,183.51574958801268,207.00624814885833,207.70478943064944,43.982921038498226,-0.6985412817911083,-0.538139805173477,-0.16040147661763127,213.86668288299316,207.2664993286133,200.66631577423342,3.269684833413067
SHEL,2026-09-11,96.7699966430664,92.92400016784669,89.12099975585937,83.55215003967285,94.01304132320831,92.24855979159331,71.05011639039108,1.7644815316150044,1.50243027317952,0.2620512584354844,96.4414887596447,92.92400016784669,89.40651157604867,1.4524235269243557
TSLA,2026-09-14,358.9700012207031,355.9649993896484,353.8085986328125,398.63144973754885,360.24377691305165,355.68881105800585,51.50366788079792,4.554965855045793,3.4600766035998074,1.094889251445986,376.35672972355997,355.9649993896484,335.5732690557369,13.867830403284305
UNH,2026-09-14,383.54998779296875,393.2874984741211,408.32999816894534,353.3484991455078,391.6467273708628,396.69444215236666,39.599185325106895,-5.047714781503885,-4.289098350036515,-0.7586164314673693,405.3656560065835,393.2874984741211,381.2093409416587,10.608061861603634
V,2026-09-14,375.2799987792969,373.5170043945312,365.48860412597656,335.18330017089846,372.7529399625241,370.629058779229,55.5263914175627,2.1238811832951114,3.488229713462346,-1.3643485301672347,387.9165971698142,373.5170043945312,359.11741161924823,6.005799737232323
WFC,2026-09-14,88.70999908447266,87.13800010681152,87.1413998413086,85.13295001983643,88.47966817012619,87.64472293851483,54.32984096334892,0.834945231611357,0.5631873099644034,0.27175792164695367,91.29605522163482,87.13800010681152,82.97994499198822,1.9083214110205677
WMT,2026-09-14,109.08000183105469,106.97899932861328,110.27539947509766,118.74599960327149,106.96498607440988,108.11069117522452,52.52825432430559,-1.145705100814638,-1.6206952603001752,0.47499015948553724,114.13821032270259,106.97899932861328,99.81978833452398,2.2678780449216336
XOM,2026-09-14,165.0800018310547,162.58000106811522,155.73040069580077,145.91439990997316,163.0521583958601,160.804457566441,59.373848225499316,2.2477008294191023,2.2342062925687722,0.013494536850330086,168.6057925646115,162.58000106811522,156.55420957161894,3.6818232812524836
